id,name,availableCustomizations,rarity,type,plan,unlockPlv,upgraded,unique,sourceType,pIdolId,forceInitialHand,conditions,cost,effects,limit,growth
1,アピールの基本,,N,active,free,1,FALSE,FALSE,default,,FALSE,,do:cost-=4,do:score+=9,,
2,アピールの基本+,,N,active,free,1,TRUE,FALSE,default,,FALSE,,do:cost-=3,do:score+=14,,
3,ポーズの基本,,N,active,free,1,FALSE,FALSE,default,,FALSE,,do:cost-=3,"do:score+=2,do:genki+=2",,
4,ポーズの基本+,,N,active,free,1,TRUE,FALSE,default,,FALSE,,do:cost-=3,"do:score+=6,do:genki+=4",,
5,挑戦,,N,active,sense,1,FALSE,FALSE,default,,FALSE,if:goodConditionTurns>=1,do:cost-=7,do:score+=25,1,
6,挑戦+,,N,active,sense,1,TRUE,FALSE,default,,FALSE,if:goodConditionTurns>=1,do:cost-=7,do:score+=37,1,
7,試行錯誤,,N,active,sense,1,FALSE,FALSE,default,,FALSE,,do:cost-=7,"do:score+=8,do:score+=8",1,
8,試行錯誤+,,N,active,sense,1,TRUE,FALSE,default,,FALSE,,do:cost-=5,"do:score+=10,do:score+=10",1,
9,可愛い仕草,,N,active,logic,1,FALSE,FALSE,default,,FALSE,,do:cost-=5,"do:goodImpressionTurns+=2,do:score+=goodImpressionTurns",1,
10,可愛い仕草+,,N,active,logic,1,TRUE,FALSE,default,,FALSE,,do:cost-=5,"do:goodImpressionTurns+=3,do:score+=goodImpressionTurns*1.2",1,
11,気分転換,,N,active,logic,1,FALSE,FALSE,default,,FALSE,,do:stamina-=5,do:score+=genki,1,
12,気分転換+,,N,active,logic,1,TRUE,FALSE,default,,FALSE,,do:stamina-=3,do:score+=genki*1.1,1,
13,表現の基本,,N,mental,free,1,FALSE,FALSE,default,,FALSE,,,do:genki+=4,1,
14,表現の基本+,,N,mental,free,1,TRUE,FALSE,default,,FALSE,,,do:genki+=7,1,
15,振る舞いの基本,,N,mental,sense,1,FALSE,FALSE,default,,FALSE,,do:cost-=1,"do:genki+=1,do:goodConditionTurns+=2",,
16,振る舞いの基本+,,N,mental,sense,1,TRUE,FALSE,default,,FALSE,,do:cost-=1,"do:genki+=1,do:goodConditionTurns+=3",,
17,表情の基本,,N,mental,sense,1,FALSE,FALSE,default,,FALSE,,do:cost-=1,"do:genki+=1,do:concentration+=2",,
18,表情の基本+,,N,mental,sense,1,TRUE,FALSE,default,,FALSE,,do:cost-=1,"do:genki+=1,do:concentration+=3",,
19,目線の基本,,N,mental,logic,1,FALSE,FALSE,default,,FALSE,,do:cost-=2,"do:genki+=1,do:goodImpressionTurns+=2",,
20,目線の基本+,,N,mental,logic,1,TRUE,FALSE,default,,FALSE,,do:cost-=2,"do:genki+=2,do:goodImpressionTurns+=3",,
21,意識の基本,,N,mental,logic,1,FALSE,FALSE,default,,FALSE,,do:cost-=2,"do:genki+=1,do:motivation+=2",,
22,意識の基本+,,N,mental,logic,1,TRUE,FALSE,default,,FALSE,,do:cost-=2,"do:genki+=2,do:motivation+=3",,
23,眠気,,T,trouble,free,1,FALSE,FALSE,produce,,FALSE,,,,1,
24,軽い足取り,,R,active,sense,1,FALSE,FALSE,produce,,FALSE,,do:cost-=4,"do:score+=6,do:goodConditionTurns+=2",,
25,軽い足取り+,"65,68,18",R,active,sense,1,TRUE,FALSE,produce,,FALSE,,do:cost-=4,"do:score+=9,do:goodConditionTurns+=3",,
26,愛嬌,,R,active,sense,1,FALSE,FALSE,produce,,FALSE,,do:cost-=4,do:score+=13,,
27,愛嬌+,"14,18,65",R,active,sense,1,TRUE,FALSE,produce,,FALSE,,do:cost-=4,do:score+=21,,
28,準備運動,,R,active,sense,1,FALSE,FALSE,produce,,FALSE,,do:cost-=4,"do:score+=6,do:concentration+=2",,
29,準備運動+,"70,4,64",R,active,sense,1,TRUE,FALSE,produce,,FALSE,,do:cost-=4,"do:score+=9,do:concentration+=3",,
30,ファンサ,,R,active,sense,2,FALSE,FALSE,produce,,FALSE,,do:cost-=2,do:score+=10,,
31,ファンサ+,"14,16,65",R,active,sense,2,TRUE,FALSE,produce,,FALSE,,do:cost-=2,do:score+=16,,
32,勢い任せ,,R,active,sense,9,FALSE,FALSE,produce,,FALSE,,do:cost-=4,"do:score+=6;if:goodConditionTurns>=1,do:concentration+=3",,
33,勢い任せ+,"70,4,64",R,active,sense,9,TRUE,FALSE,produce,,FALSE,,do:cost-=4,"do:score+=9;if:goodConditionTurns>=1,do:concentration+=4",,
34,ハイタッチ,,R,active,sense,13,FALSE,FALSE,produce,,FALSE,,do:cost-=4,"do:concentrationMultiplier=1.5,do:score+=17",1,
35,ハイタッチ+,"65,29,27",R,active,sense,13,TRUE,FALSE,produce,,FALSE,,do:cost-=4,"do:concentrationMultiplier=2,do:score+=23",1,
36,トークタイム,,R,active,sense,14,FALSE,FALSE,produce,,FALSE,if:goodConditionTurns>=1,do:cost-=6,do:score+=27,1,
37,トークタイム+,"65,29,18",R,active,sense,14,TRUE,FALSE,produce,,FALSE,if:goodConditionTurns>=1,do:cost-=6,do:score+=38,1,
38,今日もおはよう,,R,active,logic,1,FALSE,FALSE,produce,,FALSE,,do:cost-=4,"do:score+=7,do:goodImpressionTurns+=3",,
39,今日もおはよう+,"71,7,65",R,active,logic,1,TRUE,FALSE,produce,,FALSE,,do:cost-=4,"do:score+=9,do:goodImpressionTurns+=4",,
40,ゆるふわおしゃべり,,R,active,logic,1,FALSE,FALSE,produce,,FALSE,,do:stamina-=4,"do:motivation+=3,do:score+=genki*0.6",1,
41,ゆるふわおしゃべり+,"27,72,67",R,active,logic,1,TRUE,FALSE,produce,,FALSE,,do:stamina-=4,"do:motivation+=4,do:score+=genki*0.8",1,
42,もう少しだけ,,R,active,logic,1,FALSE,FALSE,produce,,FALSE,,do:cost-=5,"do:score+=10,do:motivation+=3",,
43,もう少しだけ+,"72,65,27",R,active,logic,1,TRUE,FALSE,produce,,FALSE,,do:cost-=5,"do:score+=15,do:motivation+=4",,
44,手拍子,,R,active,logic,13,FALSE,FALSE,produce,,FALSE,,do:cost-=5,do:score+=goodImpressionTurns*1.5,1,
45,手拍子+,"66,29,20",R,active,logic,13,TRUE,FALSE,produce,,FALSE,,do:cost-=5,do:score+=goodImpressionTurns*2,1,
46,元気な挨拶,,R,active,logic,14,FALSE,FALSE,produce,,FALSE,,do:stamina-=4,do:score+=genki*1.1,1,
47,元気な挨拶+,"67,9,29",R,active,logic,14,TRUE,FALSE,produce,,FALSE,,do:stamina-=3,do:score+=genki*1.2,1,
48,気合十分！,,R,mental,free,16,FALSE,FALSE,produce,,FALSE,,,"do:genki+=2,do:halfCostTurns+=2",,
49,気合十分！+,"75,74,36",R,mental,free,16,TRUE,FALSE,produce,,FALSE,,,"do:genki+=2,do:halfCostTurns+=3",,
50,ファーストステップ,,R,mental,free,16,FALSE,TRUE,produce,,FALSE,,,"do:genki+=3;if:stamina>=maxStamina*0.5,do:costReduction+=1",1,
51,ファーストステップ+,"75,36,3",R,mental,free,16,TRUE,TRUE,produce,,FALSE,,,"do:genki+=6;if:stamina>=maxStamina*0.5,do:costReduction+=1",1,
52,バランス感覚,,R,mental,sense,1,FALSE,FALSE,produce,,FALSE,,do:cost-=2,do:concentration+=3,,
53,バランス感覚+,"70,75,14",R,mental,sense,1,TRUE,FALSE,produce,,FALSE,,do:cost-=2,"do:genki+=1,do:concentration+=4",,
54,楽観的,,R,mental,sense,4,FALSE,FALSE,produce,,FALSE,,do:cost-=2,"do:goodConditionTurns+=3;if:goodConditionTurns,do:concentration+=1",,
55,楽観的+,"70,68,3",R,mental,sense,4,TRUE,FALSE,produce,,FALSE,,do:cost-=2,"do:goodConditionTurns+=4;if:goodConditionTurns,do:concentration+=1",,
56,深呼吸,,R,mental,sense,19,FALSE,FALSE,produce,,FALSE,,do:cost-=3,"do:concentration+=2;if:concentration>=3,do:goodConditionTurns+=3",,
57,深呼吸+,"3,70,68",R,mental,sense,19,TRUE,FALSE,produce,,FALSE,,do:cost-=3,"do:concentration+=3;if:concentration>=3,do:goodConditionTurns+=3",,
58,リスタート,,R,mental,logic,1,FALSE,FALSE,produce,,FALSE,,do:cost-=4,"do:genki+=2,do:goodImpressionTurns+=3",,
59,リスタート+,"75,71,7",R,mental,logic,1,TRUE,FALSE,produce,,FALSE,,do:cost-=3,"do:genki+=2,do:goodImpressionTurns+=4",,
60,えいえいおー,,R,mental,logic,1,FALSE,FALSE,produce,,FALSE,,do:cost-=2,"do:genki+=1,do:motivation+=3",,
61,えいえいおー+,"75,72,9",R,mental,logic,1,TRUE,FALSE,produce,,FALSE,,do:cost-=2,"do:genki+=2,do:motivation+=4",,
62,リズミカル,,R,mental,logic,2,FALSE,FALSE,produce,,FALSE,,,do:genki+=6,1,
63,リズミカル+,"22,20,75",R,mental,logic,2,TRUE,FALSE,produce,,FALSE,,,do:genki+=8,1,
64,思い出し笑い,,R,mental,logic,4,FALSE,FALSE,produce,,FALSE,,do:cost-=2,"do:goodImpressionTurns+=3;if:goodImpressionTurns>=3,do:motivation+=2",,
65,思い出し笑い+,"71,72,7",R,mental,logic,4,TRUE,FALSE,produce,,FALSE,,do:cost-=2,"do:goodImpressionTurns+=4;if:goodImpressionTurns>=3,do:motivation+=3",,
66,パステル気分,,R,mental,logic,9,FALSE,FALSE,produce,,FALSE,,do:cost-=3,"do:genki+=5;if:motivation>=3,do:goodImpressionTurns+=3",,
67,パステル気分+,"75,71,12",R,mental,logic,9,TRUE,FALSE,produce,,FALSE,,do:cost-=3,"do:genki+=7;if:motivation>=3,do:goodImpressionTurns+=4",,
68,励まし,,R,mental,logic,19,FALSE,FALSE,produce,,FALSE,,do:cost-=4,"do:motivation+=3;if:motivation>=6,do:goodImpressionTurns+=4",,
69,励まし+,"72,27,71",R,mental,logic,19,TRUE,FALSE,produce,,FALSE,,do:cost-=4,"do:motivation+=4;if:motivation>=6,do:goodImpressionTurns+=5",,
70,前途洋々,,SR,active,free,3,FALSE,FALSE,produce,,FALSE,,do:cost-=4,"do:score+=8,do:genki+=7",,
71,前途洋々+,"59,4,47",SR,active,free,3,TRUE,FALSE,produce,,FALSE,,do:cost-=4,"do:score+=12,do:genki+=10",,
72,決めポーズ,,SR,active,sense,1,FALSE,FALSE,produce,,FALSE,,do:cost-=3,do:score+=18,1,
73,決めポーズ+,"48,14,29",SR,active,sense,1,TRUE,FALSE,produce,,FALSE,,do:cost-=3,do:score+=27,1,
74,アドリブ,,SR,active,sense,1,FALSE,FALSE,produce,,FALSE,,do:cost-=4,"do:score+=5,do:goodConditionTurns+=3",,
75,アドリブ+,"48,52,18",SR,active,sense,1,TRUE,FALSE,produce,,FALSE,,do:cost-=4,"do:score+=9,do:goodConditionTurns+=4",,
76,情熱ターン,,SR,active,sense,1,FALSE,FALSE,produce,,FALSE,,do:cost-=6,"do:score+=11,do:concentration+=3",,
77,情熱ターン+,"4,54,29",SR,active,sense,1,TRUE,FALSE,produce,,FALSE,,do:cost-=6,"do:score+=18,do:concentration+=4",,
78,飛躍,,SR,active,sense,6,FALSE,FALSE,produce,,FALSE,,do:cost-=5,"do:score+=13;if:concentration>=6,do:score+=15",1,
79,飛躍+,"47,14,37",SR,active,sense,6,TRUE,FALSE,produce,,FALSE,,do:cost-=2,"do:score+=13;if:concentration>=6,do:score+=15",1,
80,祝福,,SR,active,sense,7,FALSE,FALSE,produce,,FALSE,,do:stamina-=4,"do:score+=26,do:goodConditionTurns+=1",1,
81,祝福+,"48,52,16",SR,active,sense,7,TRUE,FALSE,produce,,FALSE,,do:stamina-=4,"do:score+=40,do:goodConditionTurns+=1",1,
82,スタートダッシュ,,SR,active,sense,22,FALSE,TRUE,produce,,FALSE,,do:cost-=5,"do:score+=30,do:genki+=10,do:doubleCostTurns+=2",,
83,スタートダッシュ+,"48,29,14",SR,active,sense,22,TRUE,TRUE,produce,,FALSE,,do:cost-=5,"do:score+=40,do:genki+=10,do:doubleCostTurns+=2",,
84,スタンドプレー,,SR,active,sense,24,FALSE,TRUE,produce,,FALSE,,do:cost-=5,"do:score+=12,do:genki+=7,do:concentration+=5,do:doubleCostTurns+=2",,
85,スタンドプレー+,"59,29,54",SR,active,sense,24,TRUE,TRUE,produce,,FALSE,,do:cost-=5,"do:score+=12,do:genki+=7,do:concentration+=7,do:doubleCostTurns+=2",,
86,シュプレヒコール,,SR,active,sense,33,FALSE,TRUE,produce,,FALSE,,do:concentration-=3,"do:score+=6,do:goodConditionTurns+=2,do:cardUsesRemaining+=1",,
87,シュプレヒコール+,"32,39",SR,active,sense,33,TRUE,TRUE,produce,,FALSE,,do:concentration-=2,"do:score+=6,do:goodConditionTurns+=3,do:cardUsesRemaining+=1",,
88,ラブリーウインク,,SR,active,logic,1,FALSE,FALSE,produce,,FALSE,,do:cost-=5,"do:goodImpressionTurns+=4,do:score+=goodImpressionTurns*0.6",,
89,ラブリーウインク+,"55,49,29",SR,active,logic,1,TRUE,FALSE,produce,,FALSE,,do:cost-=5,"do:goodImpressionTurns+=5,do:score+=goodImpressionTurns*0.8",,
90,ありがとうの言葉,,SR,active,logic,1,FALSE,FALSE,produce,,FALSE,,do:stamina-=3,"do:genki+=9,do:score+=genki*0.4",1,
91,ありがとうの言葉+,"59,50,9",SR,active,logic,1,TRUE,FALSE,produce,,FALSE,,do:stamina-=3,"do:genki+=11,do:score+=genki*0.7",1,
92,ハートの合図,,SR,active,logic,6,FALSE,FALSE,produce,,FALSE,,do:stamina-=3,"do:score+=genki*1.3,do:genki=genki/2",1,
93,ハートの合図+,"51,30,9",SR,active,logic,6,TRUE,FALSE,produce,,FALSE,,do:stamina-=3,"do:score+=genki*1.8,do:genki=genki/2",1,
94,キラメキ,,SR,active,logic,24,FALSE,TRUE,produce,,FALSE,,do:cost-=3,"do:genki+=5,do:score+=goodImpressionTurns*2,do:doubleCostTurns+=2",1,
95,キラメキ+,"59,20,49",SR,active,logic,24,TRUE,TRUE,produce,,FALSE,,do:cost-=3,"do:genki+=5,do:score+=goodImpressionTurns*2.5,do:doubleCostTurns+=2",1,
96,みんな大好き,,SR,active,logic,34,FALSE,TRUE,produce,,FALSE,,do:motivation-=3,"do:score+=goodImpressionTurns*0.9,do:cardUsesRemaining+=1",,
97,みんな大好き+,"5,34",SR,active,logic,34,TRUE,TRUE,produce,,FALSE,,do:motivation-=2,"do:score+=goodImpressionTurns*1.2,do:cardUsesRemaining+=1",,
98,アイドル宣言,,SR,mental,free,23,FALSE,TRUE,produce,,FALSE,,do:stamina-=1,"do:cardUsesRemaining+=1,do:drawCard,do:drawCard",1,
99,アイドル宣言+,"24,27",SR,mental,free,23,TRUE,TRUE,produce,,FALSE,,,"do:cardUsesRemaining+=1,do:drawCard,do:drawCard,do:halfCostTurns+=1",1,
100,ハイテンション,,SR,mental,free,23,FALSE,FALSE,produce,,FALSE,,,"do:genki+=11,do:nullifyGenkiTurns+=2,do:halfCostTurns+=3",1,
101,ハイテンション+,"3,59,58",SR,mental,free,23,TRUE,FALSE,produce,,FALSE,,,"do:genki+=13,do:nullifyGenkiTurns+=2,do:halfCostTurns+=4",1,
102,眼力,,SR,mental,sense,1,FALSE,FALSE,produce,,FALSE,,do:cost-=3,"do:genki+=6,do:concentration+=3",1,
103,眼力+,"3,59,54",SR,mental,sense,1,TRUE,FALSE,produce,,FALSE,,do:cost-=3,"do:genki+=8,do:concentration+=4",1,
104,大声援,,SR,mental,sense,1,FALSE,FALSE,produce,,FALSE,,do:cost-=3,"do:genki+=6,do:goodConditionTurns+=3",1,
105,大声援+,"3,52,59",SR,mental,sense,1,TRUE,FALSE,produce,,FALSE,,do:cost-=3,"do:genki+=8,do:goodConditionTurns+=4",1,
106,演出計画,,SR,mental,sense,17,FALSE,TRUE,produce,,FALSE,,do:cost-=4,"do:perfectConditionTurns+=3;at:activeCardUsed,do:fixedGenki+=2",1,
107,演出計画+,"3,53,28",SR,mental,sense,17,TRUE,TRUE,produce,,FALSE,,do:cost-=3,"do:perfectConditionTurns+=4;at:activeCardUsed,do:fixedGenki+=2",1,
108,願いの力,,SR,mental,sense,18,FALSE,TRUE,produce,,FALSE,,do:cost-=4,"do:concentration+=2;at:activeCardUsed,do:concentration+=1",1,
109,願いの力+,"3,54,29",SR,mental,sense,18,TRUE,TRUE,produce,,FALSE,,do:cost-=3,"do:concentration+=3;at:activeCardUsed,do:concentration+=1",1,
110,静かな意志,,SR,mental,sense,20,FALSE,FALSE,produce,,TRUE,,do:cost-=4,"do:concentration+=3,do:goodConditionTurns+=2",1,
111,静かな意志+,"28,52,54",SR,mental,sense,20,TRUE,FALSE,produce,,TRUE,,do:cost-=4,"do:concentration+=4,do:goodConditionTurns+=3",1,
112,始まりの合図,,SR,mental,sense,28,FALSE,FALSE,produce,,FALSE,,do:cost-=3,do:goodConditionTurns+=5,1,
113,始まりの合図+,"52,3,29",SR,mental,sense,28,TRUE,FALSE,produce,,FALSE,,do:cost-=3,do:goodConditionTurns+=7,1,
114,意地,,SR,mental,sense,29,FALSE,FALSE,produce,,FALSE,,do:cost-=2,"do:genki+=3,do:concentration+=4",1,
115,意地+,"3,54,59",SR,mental,sense,29,TRUE,FALSE,produce,,FALSE,,do:cost-=2,"do:genki+=5,do:concentration+=5",1,
116,存在感,,SR,mental,sense,31,FALSE,TRUE,produce,,FALSE,,do:goodConditionTurns-=2,"do:concentration+=4,do:cardUsesRemaining+=1",,
117,存在感+,"31,39",SR,mental,sense,31,TRUE,TRUE,produce,,FALSE,,do:goodConditionTurns-=1,"do:concentration+=5,do:cardUsesRemaining+=1",,
118,成功への道筋,,SR,mental,sense,36,FALSE,FALSE,produce,,FALSE,,do:goodConditionTurns-=2,"do:genki+=2,do:concentration+=7",1,
119,成功への道筋+,"54,79,31",SR,mental,sense,36,TRUE,FALSE,produce,,FALSE,,do:goodConditionTurns-=2,"do:genki+=4,do:concentration+=9",1,
120,あふれる思い出,,SR,mental,logic,1,FALSE,FALSE,produce,,FALSE,,do:cost-=3,"do:genki+=2,do:motivation+=4",,
121,あふれる思い出+,"59,56,9",SR,mental,logic,1,TRUE,FALSE,produce,,FALSE,,do:cost-=3,"do:genki+=4,do:motivation+=5",,
122,ふれあい,,SR,mental,logic,1,FALSE,FALSE,produce,,FALSE,,do:cost-=5,"do:genki+=3,do:goodImpressionTurns+=4",,
123,ふれあい+,"55,7,59",SR,mental,logic,1,TRUE,FALSE,produce,,FALSE,,do:cost-=5,"do:genki+=6,do:goodImpressionTurns+=5",,
124,幸せな時間,,SR,mental,logic,7,FALSE,FALSE,produce,,FALSE,,do:cost-=5,do:goodImpressionTurns+=6,,
125,幸せな時間+,"55,7,29",SR,mental,logic,7,TRUE,FALSE,produce,,FALSE,,do:cost-=5,do:goodImpressionTurns+=8,,
126,ファンシーチャーム,,SR,mental,logic,17,FALSE,TRUE,produce,,FALSE,,do:cost-=4,"do:goodImpressionTurns+=3;at:mentalCardUsed,do:goodImpressionTurns+=1",1,
127,ファンシーチャーム+,"36,29,55",SR,mental,logic,17,TRUE,TRUE,produce,,FALSE,,do:cost-=4,"do:goodImpressionTurns+=5;at:mentalCardUsed,do:goodImpressionTurns+=1",1,
128,ワクワクが止まらない,,SR,mental,logic,18,FALSE,TRUE,produce,,FALSE,,do:cost-=3,"do:motivation+=3;at:mentalCardUsed,do:motivation+=1",1,
129,ワクワクが止まらない+,"36,29,56",SR,mental,logic,18,TRUE,TRUE,produce,,FALSE,,do:cost-=3,"do:motivation+=5;at:mentalCardUsed,do:motivation+=1",1,
130,本番前夜,,SR,mental,logic,20,FALSE,FALSE,produce,,TRUE,,do:cost-=5,"do:goodImpressionTurns+=4,do:motivation+=3",1,
131,本番前夜+,"29,56,55",SR,mental,logic,20,TRUE,FALSE,produce,,TRUE,,do:cost-=5,"do:goodImpressionTurns+=5,do:motivation+=4",1,
132,ひなたぼっこ,,SR,mental,logic,22,FALSE,TRUE,produce,,FALSE,,,"do:genki+=11,do:motivation+=5,do:doubleCostTurns+=2",1,
133,ひなたぼっこ+,"59,56,12",SR,mental,logic,22,TRUE,TRUE,produce,,FALSE,,,"do:genki+=11,do:motivation+=7,do:doubleCostTurns+=2",1,
134,イメトレ,,SR,mental,logic,28,FALSE,FALSE,produce,,FALSE,,do:cost-=4,"do:genki+=7,do:motivation+=4",1,
135,イメトレ+,"59,56,12",SR,mental,logic,28,TRUE,FALSE,produce,,FALSE,,do:cost-=4,"do:genki+=11,do:motivation+=5",1,
136,やる気は満点,,SR,mental,logic,29,FALSE,FALSE,produce,,FALSE,,do:cost-=1,"do:genki+=1,do:goodImpressionTurns+=4",1,
137,やる気は満点+,"59,55,22",SR,mental,logic,29,TRUE,FALSE,produce,,FALSE,,do:cost-=1,"do:genki+=2,do:goodImpressionTurns+=5",1,
138,ゆめみごこち,,SR,mental,logic,32,FALSE,TRUE,produce,,FALSE,,do:goodImpressionTurns-=2,"do:motivation+=4,do:cardUsesRemaining+=1",,
139,ゆめみごこち+,"33,12",SR,mental,logic,32,TRUE,TRUE,produce,,FALSE,,do:goodImpressionTurns-=1,"do:motivation+=5,do:cardUsesRemaining+=1",,
140,コール&レスポンス,,SSR,active,sense,11,FALSE,TRUE,produce,,FALSE,,do:cost-=6,"do:score+=15;if:concentration>=3,do:score+=15",1,
141,コール&レスポンス+,"1,14",SSR,active,sense,11,TRUE,TRUE,produce,,FALSE,,do:cost-=6,"do:score+=15;if:concentration>=3,do:concentrationMultiplier=1.5,do:score+=34",1,
142,バズワード,,SSR,active,sense,12,FALSE,TRUE,produce,,FALSE,if:goodConditionTurns>=1,do:cost-=7,do:score+=38,,
143,バズワード+,"2,18",SSR,active,sense,12,TRUE,TRUE,produce,,FALSE,if:goodConditionTurns>=1,do:cost-=7,do:score+=54,,
144,成就,,SSR,active,sense,41,FALSE,TRUE,produce,,FALSE,,do:cost-=10,"do:goodConditionTurns+=4;at:startOfTurn,do:score+=32,limit:1",1,
145,成就+,"13,29",SSR,active,sense,41,TRUE,TRUE,produce,,FALSE,,do:cost-=10,"do:goodConditionTurns+=7;at:startOfTurn,do:score+=40,limit:1",1,
146,魅惑のパフォーマンス,,SSR,active,sense,43,FALSE,TRUE,produce,,FALSE,if:goodConditionTurns>=1,do:cost-=8,"do:perfectConditionTurns+=3;at:startOfTurn,do:score+=38,limit:1;at:startOfTurn,delay:1,do:goodConditionTurnsMultiplier=2,do:score+=21,limit:1",1,
147,魅惑のパフォーマンス+,"15,29",SSR,active,sense,43,TRUE,TRUE,produce,,FALSE,if:goodConditionTurns>=1,do:cost-=7,"do:perfectConditionTurns+=4;at:startOfTurn,do:score+=47,limit:1;at:startOfTurn,delay:1,do:goodConditionTurnsMultiplier=2,do:score+=21,limit:1",1,
148,200%スマイル,,SSR,active,logic,11,FALSE,TRUE,produce,,FALSE,,do:cost-=6,"do:goodImpressionTurns+=5,do:score+=goodImpressionTurns",1,
149,200%スマイル+,"19,6",SSR,active,logic,11,TRUE,TRUE,produce,,FALSE,,do:cost-=6,"do:goodImpressionTurns+=6,do:score+=goodImpressionTurns*1.7",1,
150,開花,,SSR,active,logic,12,FALSE,TRUE,produce,,FALSE,,do:cost-=5,"do:motivation+=6,do:score+=motivation*2",1,
151,開花+,"27,8",SSR,active,logic,12,TRUE,TRUE,produce,,FALSE,,do:cost-=5,"do:motivation+=8,do:score+=motivation*3",1,
152,届いて！,,SSR,active,logic,44,FALSE,TRUE,produce,,FALSE,,do:stamina-=2,"do:score+=genki*1.6,do:genki=0",1,
153,届いて！+,"11,30",SSR,active,logic,44,TRUE,TRUE,produce,,FALSE,,do:stamina-=2,"do:score+=genki*2.2,do:genki=0",1,
154,テレビ出演,,SSR,mental,free,5,FALSE,TRUE,produce,,FALSE,,do:cost-=1,"do:genki+=3,do:halfCostTurns+=4",1,
155,テレビ出演+,"38,3",SSR,mental,free,5,TRUE,TRUE,produce,,FALSE,,do:cost-=1,"do:genki+=5,do:halfCostTurns+=5",1,
156,叶えたい夢,,SSR,mental,free,10,FALSE,TRUE,produce,,FALSE,,do:stamina-=1,"do:genki+=8,do:costReduction+=1",1,
157,叶えたい夢+,"27,25",SSR,mental,free,10,TRUE,TRUE,produce,,FALSE,,do:stamina-=1,"do:genki+=9,do:costReduction+=2",1,
158,アイドル魂,,SSR,mental,free,35,FALSE,TRUE,produce,,TRUE,,do:cost-=2,"do:genki+=6,do:nullifyDebuff+=1,do:cardUsesRemaining+=1",1,
159,アイドル魂+,"26,29",SSR,mental,free,35,TRUE,TRUE,produce,,TRUE,,do:cost-=2,"do:genki+=6,do:nullifyDebuff+=1,do:cardUsesRemaining+=1;at:startOfTurn,do:upgradeHand,limit:1",1,
160,仕切り直し,,SSR,mental,free,40,FALSE,TRUE,produce,,FALSE,,do:cost-=5,"do:exchangeHand,do:halfCostTurns+=4,do:cardUsesRemaining+=1,do:drawCard,do:drawCard",1,
161,仕切り直し+,"29,24",SSR,mental,free,40,TRUE,TRUE,produce,,FALSE,,do:cost-=2,"do:exchangeHand,do:halfCostTurns+=4,do:cardUsesRemaining+=1,do:drawCard,do:drawCard",1,
162,国民的アイドル,,SSR,mental,sense,25,FALSE,TRUE,produce,,FALSE,,do:goodConditionTurns-=1,"do:doubleCardEffectCards+=1,do:cardUsesRemaining+=1",1,
163,国民的アイドル+,"26,3",SSR,mental,sense,25,TRUE,TRUE,produce,,FALSE,,do:goodConditionTurns-=1,"do:genki+=8,do:doubleCardEffectCards+=1,do:cardUsesRemaining+=1",1,
164,魅惑の視線,,SSR,mental,sense,30,FALSE,TRUE,produce,,FALSE,,do:concentration-=3,"do:perfectConditionTurns+=4,do:halfCostTurns+=2,do:cardUsesRemaining+=1",1,
165,魅惑の視線+,"32,28",SSR,mental,sense,30,TRUE,TRUE,produce,,FALSE,,do:concentration-=3,"do:perfectConditionTurns+=5,do:halfCostTurns+=5,do:cardUsesRemaining+=1",1,
166,鳴り止まない拍手,,SSR,mental,sense,38,FALSE,TRUE,produce,,FALSE,,do:cost-=5,"do:concentration+=4,do:goodConditionTurns+=2,do:halfCostTurns+=2",1,
167,鳴り止まない拍手+,"17,13",SSR,mental,sense,38,TRUE,TRUE,produce,,FALSE,,do:cost-=5,"do:concentration+=5,do:goodConditionTurns+=3,do:halfCostTurns+=3",1,
168,天真爛漫,,SSR,mental,sense,45,FALSE,TRUE,produce,,FALSE,,do:cost-=6,"do:concentration+=1;at:endOfTurn,if:concentration>=3,do:concentration+=2",1,
169,天真爛漫+,"29,17",SSR,mental,sense,45,TRUE,TRUE,produce,,FALSE,,do:cost-=3,"do:concentration+=1;at:endOfTurn,if:concentration>=3,do:concentration+=2",1,
170,私がスター,,SSR,mental,logic,25,FALSE,TRUE,produce,,FALSE,,do:goodImpressionTurns-=2,"do:turnsRemaining+=1,do:cardUsesRemaining+=1",1,
171,私がスター+,"33,39",SSR,mental,logic,25,TRUE,TRUE,produce,,FALSE,,do:goodImpressionTurns-=1,"do:turnsRemaining+=1,do:cardUsesRemaining+=1,do:drawCard",1,
172,星屑センセーション,,SSR,mental,logic,30,FALSE,TRUE,produce,,FALSE,,do:motivation-=3,"do:goodImpressionTurns+=5,do:cardUsesRemaining+=1;if:goodImpressionTurns>=10,do:setGoodImpressionTurnsBuff(0.5,5)",1,
173,星屑センセーション+,"7,19",SSR,mental,logic,30,TRUE,TRUE,produce,,FALSE,,do:motivation-=3,"do:goodImpressionTurns+=7,do:cardUsesRemaining+=1,do:drawCard;if:goodImpressionTurns>=10,do:setGoodImpressionTurnsBuff(0.5,5)",1,
174,ノートの端の決意,,SSR,mental,logic,37,FALSE,TRUE,produce,,FALSE,,do:cost-=4,"do:goodImpressionTurns+=3,do:motivation+=3,do:halfCostTurns+=3",1,
175,ノートの端の決意+,"27,7",SSR,mental,logic,37,TRUE,TRUE,produce,,FALSE,,do:cost-=4,"do:goodImpressionTurns+=5,do:motivation+=3,do:halfCostTurns+=3",1,
176,手書きのメッセージ,,SSR,mental,logic,39,FALSE,TRUE,produce,,FALSE,,do:goodImpressionTurns-=2,"do:genki+=9,do:genki+=9",1,
177,手書きのメッセージ+,"25,33",SSR,mental,logic,39,TRUE,TRUE,produce,,FALSE,,do:goodImpressionTurns-=1,"do:genki+=10,do:genki+=10",1,
178,トキメキ,,SSR,mental,logic,42,FALSE,TRUE,produce,,FALSE,,do:cost-=10,"do:goodImpressionTurns+=8,do:motivation+=5",1,
179,トキメキ+,"21,19",SSR,mental,logic,42,TRUE,TRUE,produce,,FALSE,,do:cost-=9,"do:goodImpressionTurns+=10,do:motivation+=6",1,
180,虹色ドリーマー,,SSR,mental,logic,45,FALSE,TRUE,produce,,FALSE,,do:cost-=9,"do:goodImpressionTurns+=1;at:endOfTurn,if:goodImpressionTurns>=3,do:goodImpressionTurns+=3",1,
181,虹色ドリーマー+,"29,19",SSR,mental,logic,45,TRUE,TRUE,produce,,FALSE,,do:cost-=9,"do:goodImpressionTurns+=4;at:endOfTurn,if:goodImpressionTurns>=3,do:goodImpressionTurns+=3",1,
182,新進気鋭,,R,active,sense,1,FALSE,TRUE,pIdol,1,FALSE,,do:cost-=5,do:score+=17,1,
183,新進気鋭+,,R,active,sense,1,TRUE,TRUE,pIdol,1,FALSE,,do:cost-=5,do:score+=25,1,
184,意地っ張り,,R,active,sense,1,FALSE,TRUE,pIdol,2,FALSE,,do:cost-=6,"do:score+=7,do:concentration+=3",1,
185,意地っ張り+,,R,active,sense,1,TRUE,TRUE,pIdol,2,FALSE,,do:cost-=6,"do:score+=7,do:concentration+=5",1,
186,アルバイター,,R,active,logic,1,FALSE,TRUE,pIdol,3,FALSE,,do:cost-=6,"do:score+=2,do:goodImpressionTurns+=5",1,
187,アルバイター+,,R,active,logic,1,TRUE,TRUE,pIdol,3,FALSE,,do:cost-=6,"do:score+=6,do:goodImpressionTurns+=6",1,
188,リトル・プリンス,,R,active,sense,1,FALSE,TRUE,pIdol,4,FALSE,,do:cost-=3,"do:score+=8;if:goodConditionTurns>=1,do:score+=3",1,
189,リトル・プリンス+,,R,active,sense,1,TRUE,TRUE,pIdol,4,FALSE,,do:cost-=3,"do:score+=13;if:goodConditionTurns>=1,do:score+=5",1,
190,内気系少女,,R,mental,logic,1,FALSE,TRUE,pIdol,5,FALSE,,do:cost-=3,"do:goodImpressionTurns+=1;at:endOfTurn,do:goodImpressionTurns+=1",1,
191,内気系少女+,,R,mental,logic,1,TRUE,TRUE,pIdol,5,FALSE,,do:cost-=2,"do:goodImpressionTurns+=2;at:endOfTurn,do:goodImpressionTurns+=1",1,
192,元気いっぱい,,R,active,logic,1,FALSE,TRUE,pIdol,6,FALSE,,do:stamina-=4,"do:genki+=2,do:score+=genki*0.5,do:motivation+=2",1,
193,元気いっぱい+,,R,active,logic,1,TRUE,TRUE,pIdol,6,FALSE,,do:stamina-=4,"do:genki+=2,do:score+=genki*0.7,do:motivation+=3",1,
194,フレンドリー,,R,active,sense,1,FALSE,TRUE,pIdol,7,FALSE,,do:cost-=6,"do:score+=10;if:concentration>=6,do:score+=10",1,
195,フレンドリー+,,R,active,sense,1,TRUE,TRUE,pIdol,7,FALSE,,do:cost-=6,"do:score+=12,do:score+=12",1,
196,超高学歴アイドル,,R,mental,logic,1,FALSE,TRUE,pIdol,8,FALSE,,,"do:genki+=2;if:motivation>=6,do:genki+=3",1,
197,超高学歴アイドル+,,R,mental,logic,1,TRUE,TRUE,pIdol,8,FALSE,,,"do:genki+=4;if:motivation>=6,do:genki+=5",1,
198,包容力,,R,active,sense,1,FALSE,TRUE,pIdol,9,FALSE,,,"do:score+=2,do:genki+=1,do:cost+=2",1,
199,包容力+,,R,active,sense,1,TRUE,TRUE,pIdol,9,FALSE,,,"do:score+=3,do:genki+=4,do:cost+=2",1,
200,一番は譲らない,,SR,active,sense,1,FALSE,TRUE,pIdol,10,FALSE,,do:cost-=6,"do:score+=18,do:goodConditionTurns+=3",1,
201,一番は譲らない+,,SR,active,sense,1,TRUE,TRUE,pIdol,10,FALSE,,do:cost-=6,"do:score+=26,do:goodConditionTurns+=4",1,
202,ローン・ウルフ,,SR,active,sense,1,FALSE,TRUE,pIdol,11,FALSE,,do:cost-=5,"do:score+=12;if:concentration>=3,do:score+=12",1,
203,ローン・ウルフ+,,SR,active,sense,1,TRUE,TRUE,pIdol,11,FALSE,,do:cost-=2,"do:score+=12;if:concentration>=3,do:score+=12",1,
204,Colorful Cute!,,SR,mental,logic,1,FALSE,TRUE,pIdol,12,FALSE,,do:cost-=4,do:goodImpressionTurns+=6,1,
205,Colorful Cute!+,,SR,mental,logic,1,TRUE,TRUE,pIdol,12,FALSE,,do:cost-=4,do:goodImpressionTurns+=8,1,
206,らしさ,,SR,active,sense,1,FALSE,TRUE,pIdol,13,FALSE,,,"do:score+=4;if:goodConditionTurns>=1,do:concentration+=3",1,
207,らしさ+,,SR,active,sense,1,TRUE,TRUE,pIdol,13,FALSE,,,"do:score+=6;if:goodConditionTurns>=1,do:concentration+=4",1,
208,純白の妖精,,SR,active,logic,1,FALSE,TRUE,pIdol,14,FALSE,,do:cost-=3,"do:goodImpressionTurns+=2,do:score+=goodImpressionTurns*1.2",1,
209,純白の妖精+,,SR,active,logic,1,TRUE,TRUE,pIdol,14,FALSE,,do:cost-=3,"do:goodImpressionTurns+=2,do:score+=goodImpressionTurns*1.6",1,
210,いっしょけんめい,,SR,mental,logic,1,FALSE,TRUE,pIdol,15,FALSE,,do:cost-=2,"do:genki+=1,do:motivation+=5",1,
211,いっしょけんめい+,,SR,mental,logic,1,TRUE,TRUE,pIdol,15,FALSE,,do:cost-=2,"do:genki+=4,do:motivation+=6",1,
212,勇気の一歩,,SR,active,sense,1,FALSE,TRUE,pIdol,16,FALSE,,do:cost-=3,"do:concentrationMultiplier=2,do:score+=17",1,
213,勇気の一歩+,,SR,active,sense,1,TRUE,TRUE,pIdol,16,FALSE,,do:cost-=3,"do:concentrationMultiplier=2.5,do:score+=24",1,
214,苦しいのが好き,,SR,active,logic,1,FALSE,TRUE,pIdol,17,FALSE,,do:cost-=4,"do:genki+=6,do:score+=motivation*2.5",1,
215,苦しいのが好き+,,SR,active,logic,1,TRUE,TRUE,pIdol,17,FALSE,,do:cost-=4,"do:genki+=7,do:score+=motivation*3.5",1,
216,寄り添う気持ち,,SR,mental,sense,1,FALSE,TRUE,pIdol,18,FALSE,,do:cost-=6,"do:genki+=10,do:concentration+=4",1,
217,寄り添う気持ち+,,SR,mental,sense,1,TRUE,TRUE,pIdol,18,FALSE,,do:cost-=5,"do:genki+=12,do:concentration+=5",1,
218,絶対に負けない,,SSR,active,sense,1,FALSE,TRUE,pIdol,19,FALSE,,do:cost-=6,do:score+=34,1,
219,絶対に負けない+,"94,38",SSR,active,sense,1,TRUE,TRUE,pIdol,19,FALSE,,do:cost-=6,do:score+=48,1,
220,それぞれの道,,SSR,active,sense,1,FALSE,TRUE,pIdol,20,FALSE,,do:cost-=7,"do:score+=14,do:concentration+=5",1,
221,それぞれの道+,"95,38",SSR,active,sense,1,TRUE,TRUE,pIdol,20,FALSE,,do:cost-=4,"do:score+=15,do:concentration+=5",1,
222,よそ見はダメ♪,,SSR,mental,logic,1,FALSE,TRUE,pIdol,21,FALSE,,do:cost-=6,"do:genki+=2,do:goodImpressionTurns+=7",1,
223,よそ見はダメ♪+,"96,38",SSR,mental,logic,1,TRUE,TRUE,pIdol,21,FALSE,,do:cost-=6,"do:genki+=4,do:goodImpressionTurns+=9",1,
224,盛装の華形,,SSR,active,sense,1,FALSE,TRUE,pIdol,22,FALSE,,do:cost-=5,"do:score+=12;if:goodConditionTurns>=1,do:score+=14",1,
225,盛装の華形+,"91,38",SSR,active,sense,1,TRUE,TRUE,pIdol,22,FALSE,,do:cost-=5,"do:score+=18;if:goodConditionTurns>=1,do:score+=20",1,
226,もう怖くないから,,SSR,mental,logic,1,FALSE,TRUE,pIdol,23,FALSE,,do:cost-=3,"do:goodImpressionTurns+=3;at:endOfTurn,do:goodImpressionTurns+=1",1,
227,もう怖くないから+,,SSR,mental,logic,1,TRUE,TRUE,pIdol,23,FALSE,,do:cost-=2,"do:goodImpressionTurns+=4;at:endOfTurn,do:goodImpressionTurns+=1",1,
228,お嬢様の晴れ舞台,,SSR,active,logic,1,FALSE,TRUE,pIdol,24,FALSE,,do:stamina-=4,"do:genki+=2,do:score+=genki,do:motivation+=2",1,
229,お嬢様の晴れ舞台+,,SSR,active,logic,1,TRUE,TRUE,pIdol,24,FALSE,,do:stamina-=4,"do:genki+=5,do:score+=genki*1.2,do:motivation+=3",1,
230,ワンモアステップ,,SSR,active,sense,1,FALSE,TRUE,pIdol,25,FALSE,,do:cost-=4,"do:score+=7,do:score+=7;if:concentration>=6,do:score+=7",1,
231,ワンモアステップ+,,SSR,active,sense,1,TRUE,TRUE,pIdol,25,FALSE,,do:cost-=3,"do:score+=9,do:score+=9;if:concentration>=6,do:score+=9",1,
232,本気の趣味,,SSR,mental,logic,1,FALSE,TRUE,pIdol,26,FALSE,,,"do:genki+=5;if:motivation>=3,do:genki+=4",1,
233,本気の趣味+,"90,37",SSR,mental,logic,1,TRUE,TRUE,pIdol,26,FALSE,,,"do:genki+=7;if:motivation>=3,do:genki+=7",1,
234,距離感,,SSR,mental,sense,1,FALSE,TRUE,pIdol,27,FALSE,,do:cost-=4,"do:concentration+=4,do:fixedStamina+=4",1,
235,距離感+,"92,38",SSR,mental,sense,1,TRUE,TRUE,pIdol,27,FALSE,,do:cost-=3,"do:concentration+=5,do:fixedStamina+=5",1,
236,お姉ちゃんだもの！,,SR,active,free,1,FALSE,TRUE,support,,FALSE,if:score<=1000,do:cost-=3,"do:score+=6,do:genki+=6;at:startOfTurn,do:drawCard,limit:1",1,
237,お姉ちゃんだもの！+,"59,4,47",SR,active,free,1,TRUE,TRUE,support,,FALSE,if:score<=1000,do:cost-=3,"do:score+=10,do:genki+=9;at:startOfTurn,do:drawCard,limit:1",1,
238,おアツイ視線,,SR,mental,free,1,FALSE,TRUE,support,,FALSE,if:genki==0,,"do:genki+=5,do:halfCostTurns+=2;at:startOfTurn,do:drawCard,limit:1",1,
239,おアツイ視線+,"59,58,3",SR,mental,free,1,TRUE,TRUE,support,,FALSE,if:genki==0,,"do:genki+=6,do:halfCostTurns+=3;at:startOfTurn,do:drawCard,limit:1",1,
240,ご指導ご鞭撻,,SR,active,free,1,FALSE,TRUE,support,,FALSE,if:stamina>=maxStamina*0.5,do:cost-=5,"do:score+=4,do:genki+=5;at:startOfTurn,do:upgradeHand,limit:1",1,
241,ご指導ご鞭撻+,"48,59,27",SR,active,free,1,TRUE,TRUE,support,,FALSE,if:stamina>=maxStamina*0.5,do:cost-=2,"do:score+=4,do:genki+=5;at:startOfTurn,do:upgradeHand,limit:1",1,
242,ストレッチ談義,,SR,active,free,1,FALSE,TRUE,support,,FALSE,if:turnsElapsed>=2,do:cost-=3,"do:score+=3,do:halfCostTurns+=2;at:startOfTurn,do:upgradeHand,limit:1",1,
243,ストレッチ談義+,"48,58,27",SR,active,free,1,TRUE,TRUE,support,,FALSE,if:turnsElapsed>=2,,"do:score+=3,do:halfCostTurns+=2;at:startOfTurn,do:upgradeHand,limit:1",1,
244,全力サポート,,SR,mental,free,1,FALSE,TRUE,support,,FALSE,,do:cost-=2,"do:cardUsesRemaining+=1;at:startOfTurn,do:drawCard,limit:1",1,
245,全力サポート+,"3,27",SR,mental,free,1,TRUE,TRUE,support,,FALSE,,,"do:cardUsesRemaining+=1;at:startOfTurn,do:drawCard,do:drawCard,limit:1",1,
246,花萌ゆ季節,,SSR,mental,free,1,FALSE,TRUE,support,,FALSE,,do:cost-=4,"do:addRandomUpgradedCardToHand,do:cardUsesRemaining+=1;at:startOfTurn,do:drawCard,limit:1",1,
247,花萌ゆ季節+,"27,3",SSR,mental,free,1,TRUE,TRUE,support,,FALSE,,do:cost-=1,"do:addRandomUpgradedCardToHand,do:cardUsesRemaining+=1;at:startOfTurn,do:drawCard,limit:1",1,
248,陽だまりの生徒会室,,SSR,mental,free,1,FALSE,TRUE,support,,FALSE,,do:cost-=3,"do:fixedStamina+=3,do:cardUsesRemaining+=1",1,
249,陽だまりの生徒会室+,"3,27",SSR,mental,free,1,TRUE,TRUE,support,,FALSE,,do:cost-=2,"do:fixedStamina+=5,do:cardUsesRemaining+=1",1,
250,心のアルバム,,SSR,active,free,1,FALSE,TRUE,support,,FALSE,,,"do:score+=3,do:genki+=3;at:startOfTurn,do:drawCard,limit:2",1,
251,心のアルバム+,"2,38",SSR,active,free,1,TRUE,TRUE,support,,FALSE,,,"do:score+=6,do:genki+=5;at:startOfTurn,do:drawCard,limit:2",1,
252,ティーパーティ,,SSR,mental,free,1,FALSE,TRUE,support,,FALSE,,do:cost-=3,"do:cardUsesRemaining+=1,do:upgradeHand",1,
253,ティーパーティ+,"36,27",SSR,mental,free,1,TRUE,TRUE,support,,FALSE,,do:cost-=1,"do:cardUsesRemaining+=1,do:drawCard,do:upgradeHand",1,
254,光のステージ,,SSR,mental,free,1,FALSE,TRUE,support,,FALSE,,do:cost-=3,"do:costReduction+=1,do:cardUsesRemaining+=1",1,
255,光のステージ+,"36,27",SSR,mental,free,1,TRUE,TRUE,support,,FALSE,,,"do:costReduction+=1,do:cardUsesRemaining+=1",1,
256,喧嘩するほど仲がいい,,SSR,mental,sense,1,FALSE,TRUE,support,,FALSE,,do:cost-=6,"do:concentration+=3,do:goodConditionTurns+=2;at:startOfTurn,do:upgradeHand,limit:1",1,
257,喧嘩するほど仲がいい+,"13,17",SSR,mental,sense,1,TRUE,TRUE,support,,FALSE,,do:cost-=6,"do:concentration+=4,do:goodConditionTurns+=4;at:startOfTurn,do:upgradeHand,limit:1",1,
258,ダメダメクッキング,,SSR,mental,logic,1,FALSE,TRUE,support,,FALSE,,do:cost-=7,"do:goodImpressionTurns+=4,do:motivation+=3;at:startOfTurn,do:upgradeHand,limit:1",1,
259,ダメダメクッキング+,"19,21",SSR,mental,logic,1,TRUE,TRUE,support,,FALSE,,do:cost-=6,"do:goodImpressionTurns+=5,do:motivation+=4;at:startOfTurn,do:upgradeHand,limit:1",1,
260,新生徒会爆誕！,,SSR,mental,free,1,FALSE,TRUE,support,,TRUE,,do:cost-=5,"do:halfCostTurns+=2,do:cardUsesRemaining+=1",1,
261,新生徒会爆誕！+,"27,24",SSR,mental,free,1,TRUE,TRUE,support,,TRUE,,do:cost-=4,"do:halfCostTurns+=4,do:cardUsesRemaining+=1",1,
262,薄れゆく壁,,SSR,mental,free,1,FALSE,TRUE,support,,FALSE,,do:cost-=5,"do:genki+=3;at:startOfTurn,do:upgradeHand,limit:2",1,
263,薄れゆく壁+,"26,3",SSR,mental,free,1,TRUE,TRUE,support,,FALSE,,do:cost-=2,"do:genki+=3;at:startOfTurn,do:upgradeHand,limit:2",1,
264,絡まる想い,,SSR,mental,logic,1,FALSE,TRUE,pIdol,28,TRUE,,do:cost-=8,do:goodImpressionTurns+=8,1,
265,絡まる想い+,,SSR,mental,logic,1,TRUE,TRUE,pIdol,28,TRUE,,do:cost-=8,do:goodImpressionTurns+=10,1,
266,なに聴いてるの？,,SR,active,logic,1,FALSE,TRUE,support,,FALSE,,,"do:genki+=2,do:fixedStamina+=3",1,
267,なに聴いてるの？+,"59,37,12",SR,active,logic,1,TRUE,TRUE,support,,FALSE,,,"do:genki+=2,do:fixedStamina+=5",1,
268,未完の大器,,R,mental,logic,1,FALSE,TRUE,pIdol,29,FALSE,,do:stamina-=3,do:genki+=cardsUsed*3+2,1,
269,未完の大器+,,R,mental,logic,1,TRUE,TRUE,pIdol,29,FALSE,,do:stamina-=3,do:genki+=cardsUsed*4+4,1,
270,打倒お姉ちゃん,,SR,active,logic,1,FALSE,TRUE,pIdol,30,FALSE,,do:stamina-=4,"do:genki+=3,do:score+=genki",1,
271,打倒お姉ちゃん+,,SR,active,logic,1,TRUE,TRUE,pIdol,30,FALSE,,do:stamina-=4,"do:genki+=3,do:score+=genki*1.4",1,
272,おっきなおにぎり,,SSR,mental,logic,1,FALSE,TRUE,pIdol,31,FALSE,,do:stamina-=3,do:genki+=5*cardsUsed+2,1,
273,おっきなおにぎり+,,SSR,mental,logic,1,TRUE,TRUE,pIdol,31,FALSE,,do:stamina-=3,do:genki+=8*cardsUsed+2,1,
274,キメ顔で自撮り,,SR,mental,sense,1,FALSE,TRUE,support,,FALSE,,do:cost-=4,"do:goodConditionTurns+=3,do:concentration+=2;if:stamina>=maxStamina*0.5;at:startOfTurn,do:drawCard,limit:1",1,
275,キメ顔で自撮り+,"52,54,3",SR,mental,sense,1,TRUE,TRUE,support,,FALSE,,do:cost-=4,"do:goodConditionTurns+=4,do:concentration+=3;if:stamina>=maxStamina*0.5;at:startOfTurn,do:drawCard,limit:1",1,
276,みずたまりスキップ,,SSR,mental,free,1,FALSE,TRUE,support,,FALSE,,do:stamina-=1,"do:genki+=3,do:cardUsesRemaining+=1",1,
277,みずたまりスキップ+,"26,3",SSR,mental,free,1,TRUE,TRUE,support,,FALSE,,do:stamina-=1,"do:genki+=8,do:cardUsesRemaining+=1",1,
278,アドレナリン全開,,SSR,mental,sense,1,FALSE,TRUE,pIdol,32,FALSE,,do:cost-=4,"do:goodConditionTurns+=3,do:perfectConditionTurns+=4",1,
279,アドレナリン全開+,,SSR,mental,sense,1,TRUE,TRUE,pIdol,32,FALSE,,do:cost-=4,"do:goodConditionTurns+=4,do:perfectConditionTurns+=5",1,
280,POW！,,SSR,active,logic,1,FALSE,TRUE,pIdol,33,FALSE,,do:stamina-=5,do:score+=goodImpressionTurns*2.5,1,
281,POW！+,,SSR,active,logic,1,TRUE,TRUE,pIdol,33,FALSE,,do:stamina-=3,do:score+=goodImpressionTurns*2.6,1,
282,お泊り猛勉強,,SSR,mental,logic,1,FALSE,TRUE,support,,FALSE,,do:stamina-=1,do:goodImpressionTurns+=5,1,
283,お泊り猛勉強+,"38,19",SSR,mental,logic,1,TRUE,TRUE,support,,FALSE,,do:stamina-=1,"do:goodImpressionTurns+=6;at:startOfTurn,do:drawCard,limit:1",1,
284,ひんやり一休み,,SSR,active,sense,1,FALSE,TRUE,pIdol,34,FALSE,,do:cost-=8,"do:score+=9,do:score+=9,do:score+=9",1,
285,ひんやり一休み+,,SSR,active,sense,1,TRUE,TRUE,pIdol,34,FALSE,,do:cost-=8,"do:score+=14,do:score+=14,do:score+=14",1,
286,昼下がりのそよ風,,SSR,mental,logic,1,FALSE,TRUE,pIdol,35,FALSE,,do:stamina-=3,"do:motivation+=7;if:motivation>=6,do:motivation+=3",1,
287,昼下がりのそよ風+,,SSR,mental,logic,1,TRUE,TRUE,pIdol,35,FALSE,,do:stamina-=3,"do:motivation+=8;if:motivation>=3,do:motivation+=5",1,
288,ひと呼吸,,R,mental,sense,47,FALSE,TRUE,produce,,FALSE,,do:cost-=7,"do:goodConditionTurns+=3,do:concentration+=4",1,
289,ひと呼吸+,"29,28,70",R,mental,sense,47,TRUE,TRUE,produce,,FALSE,,do:cost-=7,"do:goodConditionTurns+=4,do:concentration+=5",1,
290,幸せのおまじない,,R,mental,logic,46,FALSE,FALSE,produce,,FALSE,,do:cost-=8,do:goodImpressionTurns+=7,1,
291,幸せのおまじない+,"71,7,29",R,mental,logic,46,TRUE,FALSE,produce,,FALSE,,do:cost-=8,do:goodImpressionTurns+=9,1,
292,立ち位置チェック,,SR,active,sense,51,FALSE,FALSE,produce,,FALSE,,do:concentration-=3,"do:score+=25,do:genki+=15,do:nullifyGenkiTurns+=2",1,
293,立ち位置チェック+,"47,4,59",SR,active,sense,51,TRUE,FALSE,produce,,FALSE,,do:concentration-=3,"do:score+=40,do:genki+=15,do:nullifyGenkiTurns+=2",1,
294,スポットライト,,SR,mental,sense,49,FALSE,FALSE,produce,,FALSE,,do:stamina-=3,"do:genki+=7,do:goodConditionTurns+=4",,
295,スポットライト+,"3,52,59",SR,mental,sense,49,TRUE,FALSE,produce,,FALSE,,do:stamina-=3,"do:genki+=9,do:goodConditionTurns+=5",,
296,止められない想い,,SR,mental,logic,48,FALSE,TRUE,produce,,FALSE,,do:stamina-=4,"do:motivation+=3,do:goodImpressionTurns+=3,do:cardUsesRemaining+=1",1,
297,止められない想い+,"19,21",SR,mental,logic,48,TRUE,TRUE,produce,,FALSE,,do:stamina-=4,"do:motivation+=4,do:goodImpressionTurns+=5,do:cardUsesRemaining+=1",1,
298,オトメゴコロ,,SR,mental,logic,52,FALSE,TRUE,produce,,FALSE,,do:motivation-=3,"do:goodImpressionTurns+=4,do:cardUsesRemaining+=1",,
299,オトメゴコロ+,"34,80",SR,mental,logic,52,TRUE,TRUE,produce,,FALSE,,do:motivation-=3,"do:goodImpressionTurns+=5,do:cardUsesRemaining+=1;if:goodImpressionTurns>=10,do:goodImpressionTurns+=2",,
300,至高のエンタメ,,SSR,active,sense,50,FALSE,TRUE,produce,,FALSE,,do:concentration-=3,"at:activeCardUsed,do:score+=4",1,
301,至高のエンタメ+,"32,28",SSR,active,sense,50,TRUE,TRUE,produce,,FALSE,,do:concentration-=2,"at:startOfTurn,do:drawCard,limit:1;at:activeCardUsed,do:score+=5",1,
302,覚醒,,SSR,active,sense,53,FALSE,TRUE,produce,,FALSE,,do:goodConditionTurns-=1,"do:score+=3,do:score+=3,do:concentration+=4",,
303,覚醒+,"1,28",SSR,active,sense,53,TRUE,TRUE,produce,,FALSE,,do:goodConditionTurns-=1,"do:score+=4,do:score+=4,do:concentration+=6",,
304,輝くキミへ,,SSR,active,logic,50,FALSE,TRUE,produce,,FALSE,,do:motivation-=4,"do:cardUsesRemaining+=1;at:cardUsed,do:score+=goodImpressionTurns*0.3",1,
305,輝くキミへ+,"34,46",SSR,active,logic,50,TRUE,TRUE,produce,,FALSE,,do:motivation-=4,"do:cardUsesRemaining+=1;at:cardUsed,do:score+=goodImpressionTurns*0.5",1,
306,あのときの約束,,SSR,active,logic,54,FALSE,TRUE,produce,,FALSE,,do:goodImpressionTurns-=4,"do:genki+=9,do:score+=genki,do:score+=motivation*1.5",1,
307,あのときの約束+,"8,33",SSR,active,logic,54,TRUE,TRUE,produce,,FALSE,,do:goodImpressionTurns-=4,"do:genki+=14,do:score+=genki*1.3,do:score+=motivation*2",1,
308,入道雲と、きみ,,SSR,active,sense,1,FALSE,TRUE,pIdol,36,FALSE,,do:cost-=6,"at:activeCardUsed,do:doubleCardEffectCards+=1,limit:1,ttl:1;do:goodConditionTurns+=3,do:halfCostTurns+=2",1,
309,入道雲と、きみ+,,SSR,active,sense,1,TRUE,TRUE,pIdol,36,FALSE,,do:cost-=5,"at:activeCardUsed,do:doubleCardEffectCards+=1,limit:1,ttl:1;do:goodConditionTurns+=5,do:halfCostTurns+=2",1,
310,はじける水しぶき,,SSR,active,sense,1,FALSE,TRUE,support,,FALSE,,do:stamina-=6,"do:score+=33;if:goodConditionTurns>=4;at:startOfTurn,delay:1,do:fixedStamina+=4,limit:1",1,
311,はじける水しぶき+,"2,14",SSR,active,sense,1,TRUE,TRUE,support,,FALSE,,do:stamina-=6,"do:score+=45;if:goodConditionTurns>=4;at:startOfTurn,delay:1,do:fixedStamina+=6,limit:1",1,
312,バスに揺られて,,SSR,active,sense,1,FALSE,TRUE,pIdol,37,FALSE,,do:cost-=2,"do:concentrationMultiplier=2.3,do:score+=5;if:stamina<=maxStamina*0.5,do:genki+=6",1,
313,バスに揺られて+,,SSR,active,sense,1,TRUE,TRUE,pIdol,37,FALSE,,do:cost-=2,"do:concentrationMultiplier=2.6,do:score+=8;if:stamina<=maxStamina*0.5,do:genki+=12",1,
314,金魚すくいで勝負,,SSR,mental,logic,1,FALSE,TRUE,pIdol,38,FALSE,,do:stamina-=2,"do:goodImpressionTurns+=3,do:cardUsesRemaining+=1,do:drawCard",1,
315,金魚すくいで勝負+,,SSR,mental,logic,1,TRUE,TRUE,pIdol,38,FALSE,,do:stamina-=2,"do:cardUsesRemaining+=1,do:goodImpressionTurns+=5,do:drawCard",1,
316,はじめてのラムネ,,SSR,active,sense,1,FALSE,TRUE,pIdol,39,FALSE,if:goodConditionTurns>=1,do:cost-=4,"do:score+=9,do:score+=goodConditionTurns*2",1,
317,はじめてのラムネ+,,SSR,active,sense,1,TRUE,TRUE,pIdol,39,FALSE,if:goodConditionTurns>=1,do:cost-=4,"do:score+=12,do:score+=goodConditionTurns*3",1,
318,交わる感情,,SSR,active,sense,1,FALSE,TRUE,support,,FALSE,,do:cost-=5,"do:concentrationMultiplier=1.5,do:score+=7,do:concentration+=4",1,
319,交わる感情+,"17,14",SSR,active,sense,1,TRUE,TRUE,support,,FALSE,,do:cost-=5,"do:concentrationMultiplier=1.5,do:score+=13,do:concentration+=5",1,
320,夏の宵の線香花火,,SSR,mental,logic,1,FALSE,TRUE,pIdol,40,TRUE,,do:stamina-=4,"do:goodImpressionTurns+=3,do:motivation+=2;at:afterCardUsed,if:cardEffects&genki,do:goodImpressionTurns+=1",1,
321,夏の宵の線香花火+,,SSR,mental,logic,1,TRUE,TRUE,pIdol,40,TRUE,,do:stamina-=4,"do:goodImpressionTurns+=4,do:motivation+=3;at:afterCardUsed,if:cardEffects&genki,do:goodImpressionTurns+=1",1,
322,初めての未来,,R,active,logic,1,FALSE,TRUE,pIdol,41,FALSE,,do:stamina-=5,do:score+=goodImpressionTurns*1.9,1,
323,初めての未来+,,R,active,logic,1,TRUE,TRUE,pIdol,41,FALSE,,do:stamina-=3,do:score+=goodImpressionTurns*2,1,
324,初めての場所,,R,mental,logic,1,FALSE,TRUE,pIdol,42,FALSE,,do:cost-=6,do:goodImpressionTurns+=6,1,
325,初めての場所,,R,mental,logic,1,TRUE,TRUE,pIdol,42,FALSE,,do:cost-=6,do:goodImpressionTurns+=8,1,
326,初めてのご褒美,,R,mental,sense,1,FALSE,TRUE,pIdol,43,FALSE,,do:cost-=4,"do:goodConditionTurns+=3,do:perfectConditionTurns+=2",1,
327,初めてのご褒美,,R,mental,sense,1,TRUE,TRUE,pIdol,43,FALSE,,do:cost-=4,"do:goodConditionTurns+=4,do:perfectConditionTurns+=3",1,
328,お茶会へようこそ♪,,SSR,mental,sense,1,FALSE,TRUE,pIdol,44,FALSE,,do:cost-=4,"do:genki+=3,do:perfectConditionTurns+=2,do:cardUsesRemaining+=1,do:drawCard",1,
329,お茶会へようこそ♪+,,SSR,mental,sense,1,TRUE,TRUE,pIdol,44,FALSE,,do:cost-=3,"do:genki+=5,do:perfectConditionTurns+=3,do:cardUsesRemaining+=1,do:drawCard",1,
330,初めての地平,,R,active,sense,1,FALSE,TRUE,pIdol,45,FALSE,,do:cost-=2,do:score+=goodConditionTurns*2,1,
331,初めての地平+,,R,active,sense,1,TRUE,TRUE,pIdol,45,FALSE,,do:cost-=2,do:score+=goodConditionTurns*2.5,1,
332,初めての色,,R,mental,sense,1,FALSE,TRUE,pIdol,46,FALSE,,do:cost-=2,"do:genki+=5,do:perfectConditionTurns+=2",1,
333,初めての色+,,R,mental,sense,1,TRUE,TRUE,pIdol,46,FALSE,,do:cost-=2,"do:genki+=5,do:perfectConditionTurns+=3",1,
334,初めてのお相手,,R,active,logic,1,FALSE,TRUE,pIdol,47,FALSE,,do:stamina-=4,"do:motivationMultiplier=1.5,do:genki+=2,do:score+=genki*0.4,do:costReduction+=1",1,
335,初めてのお相手+,,R,active,logic,1,TRUE,TRUE,pIdol,47,FALSE,,do:stamina-=3,"do:motivationMultiplier=1.5,do:genki+=2,do:score+=genki*0.5,do:costReduction+=1",1,
336,さっぱりひといき,,SSR,active,logic,1,FALSE,TRUE,pIdol,48,FALSE,,do:stamina-=5,"do:motivationMultiplier=2.3,do:genki+=2,do:score+=genki*0.5,do:costReduction+=1",1,
337,さっぱりひといき+,,SSR,active,logic,1,TRUE,TRUE,pIdol,48,FALSE,,do:stamina-=4,"do:motivationMultiplier=2.3,do:genki+=2,do:score+=genki*0.9,do:costReduction+=1",1,
338,その本、おもしろい？,,SSR,active,logic,1,FALSE,TRUE,support,,FALSE,,do:stamina-=5,"if:goodImpressionTurns>=3,do:score+=goodImpressionTurns*1.2;if:motivation>=3,do:score+=genki*0.5;do:cardUsesRemaining+=1",1,
339,その本、おもしろい？+,"5,10",SSR,active,logic,1,TRUE,TRUE,support,,FALSE,,do:stamina-=4,"if:goodImpressionTurns>=3,do:score+=goodImpressionTurns*1.5;if:motivation>=3,do:score+=genki*0.7;do:cardUsesRemaining+=1",1,
340,切れた鼻緒が結んだ絆,,SR,mental,sense,1,FALSE,TRUE,support,,FALSE,,do:cost-=3,"do:goodConditionTurns+=4;at:startOfTurn,do:drawCard,limit:1",1,
341,切れた鼻緒が結んだ絆+,"52,29,3",SR,mental,sense,1,TRUE,TRUE,support,,FALSE,,do:cost-=3,"do:goodConditionTurns+=5;at:startOfTurn,do:drawCard,do:drawCard,limit:1",1,
342,こくりとひとくち,,SSR,mental,sense,1,FALSE,TRUE,pIdol,49,TRUE,,do:cost-=5,"do:concentration+=3,do:cardUsesRemaining+=1",1,
343,こくりとひとくち+,,SSR,mental,sense,1,TRUE,TRUE,pIdol,49,TRUE,,do:cost-=5,"do:concentration+=4,do:halfCostTurns+=1,do:cardUsesRemaining+=1",1,
344,月夜のランウェイ,,SSR,active,logic,1,FALSE,TRUE,pIdol,50,FALSE,,do:cost-=6,"do:motivation+=3;at:afterCardUsed,if:cardEffects&goodImpressionTurns,do:score+=goodImpressionTurns*0.3",1,
345,月夜のランウェイ+,,SSR,active,logic,1,TRUE,TRUE,pIdol,50,FALSE,,do:cost-=6,"do:motivation+=3;at:afterCardUsed,if:cardEffects&goodImpressionTurns,do:score+=goodImpressionTurns*0.5",1,
346,悪戯しちゃいますわ！,,SSR,active,sense,1,FALSE,TRUE,pIdol,51,FALSE,,do:cost-=5,"do:score+=8,do:score+=8;if:concentration>=3,do:concentration+=2",1,
347,悪戯しちゃいますわ！+,,SSR,active,sense,1,TRUE,TRUE,pIdol,51,FALSE,,do:cost-=5,"do:score+=10,do:score+=10;if:concentration>=3,do:concentration+=4",1,
348,悪戦苦闘ハンドメイド,,SSR,mental,logic,1,FALSE,TRUE,pIdol,52,FALSE,,do:stamina-=4,"do:goodImpressionTurns+=4,do:motivation+=4;if:goodImpressionTurns>=3,do:cardUsesRemaining+=1",1,
349,悪戦苦闘ハンドメイド+,,SSR,mental,logic,1,TRUE,TRUE,pIdol,52,FALSE,,do:stamina-=4,"do:goodImpressionTurns+=6,do:motivation+=5;if:goodImpressionTurns>=3,do:cardUsesRemaining+=1",1,
350,正確無比な看板づくり,,SSR,mental,sense,1,FALSE,TRUE,pIdol,53,TRUE,,do:cost-=6,"do:goodConditionTurns+=3,do:nullifyDebuff+=1,do:cardUsesRemaining+=1",1,
351,正確無比な看板づくり+,,SSR,mental,sense,1,TRUE,TRUE,pIdol,53,TRUE,,do:cost-=6,"do:goodConditionTurns+=5,do:nullifyDebuff+=1,do:cardUsesRemaining+=1",1,
352,気になる……,,SR,mental,sense,1,FALSE,TRUE,support,,FALSE,,do:cost-=5,"do:concentration+=4;if:concentration>=3;at:startOfTurn,do:upgradeHand,limit:1",1,
353,気になる……+,"29,3,54",SR,mental,sense,1,TRUE,TRUE,support,,FALSE,,do:cost-=4,"do:concentration+=5;if:concentration>=3;at:startOfTurn,do:upgradeHand,limit:1",1,
354,初めての結晶,,R,active,logic,1,FALSE,TRUE,pIdol,54,FALSE,,do:cost-=4,"do:score+=goodImpressionTurns*0.8,do:motivation+=3",1,
355,初めての結晶+,,R,active,logic,1,TRUE,TRUE,pIdol,54,FALSE,,do:cost-=4,"do:score+=goodImpressionTurns*1.2,do:motivation+=3",1,
356,初めての想い,,R,mental,logic,1,FALSE,TRUE,pIdol,55,FALSE,,do:stamina-=2,"do:motivation+=4;if:motivation>=6,do:motivation+=3",1,
357,初めての想い+,,R,mental,logic,1,TRUE,TRUE,pIdol,55,FALSE,,do:stamina-=2,"do:motivation+=6;if:motivation>=6,do:motivation+=3",1,
358,初めてのたのしみ,,R,active,sense,1,FALSE,TRUE,pIdol,56,FALSE,,do:cost-=3,"do:concentrationMultiplier=1.5,do:score+=6;if:stamina<=maxStamina*0.5,do:genki+=4",1,
359,初めてのたのしみ+,,R,active,sense,1,TRUE,TRUE,pIdol,56,FALSE,,do:cost-=3,"do:concentrationMultiplier=2,do:score+=8;if:stamina<=maxStamina*0.5,do:genki+=7",1,
360,また、明日,,SSR,mental,logic,1,FALSE,TRUE,pIdol,57,FALSE,if:goodImpressionTurns>=1,do:cost-=6,"do:fixedStamina+=maxStamina*0.1,do:goodImpressionTurns+=3,do:genki+=5,do:cardUsesRemaining+=1",1,
361,また、明日+,,SSR,mental,logic,1,TRUE,TRUE,pIdol,57,FALSE,if:goodImpressionTurns>=1,do:cost-=6,"do:fixedStamina+=maxStamina*0.1,do:goodImpressionTurns+=5,do:genki+=10,do:cardUsesRemaining+=1",1,
362,ちょちょいのちょい,,SSR,active,sense,1,FALSE,TRUE,pIdol,58,FALSE,,do:cost-=4,"do:goodConditionTurns+=2;at:endOfTurn,do:score+=4,limit:4",1,
363,ちょちょいのちょい+,,SSR,active,sense,1,TRUE,TRUE,pIdol,58,FALSE,,do:cost-=4,"do:goodConditionTurns+=2;at:endOfTurn,do:score+=4,limit:6",1,
364,ほかほか焼き芋,,SSR,mental,logic,1,FALSE,TRUE,support,,FALSE,,do:cost-=4,"do:genki+=4,do:motivation+=4;if:genki>=30,do:goodImpressionTurns+=3",1,
365,ほかほか焼き芋+,"21,19",SSR,mental,logic,1,TRUE,TRUE,support,,FALSE,,do:cost-=4,"do:genki+=7,do:motivation+=5;if:genki>=30,do:goodImpressionTurns+=4",1,
366,こうかい……?,,SR,active,logic,1,FALSE,TRUE,support,,FALSE,,do:cost-=4,"do:goodImpressionTurns+=3,do:score+=goodImpressionTurns*0.9",1,
367,こうかい……?+,"27,55,49",SR,active,logic,1,TRUE,TRUE,support,,FALSE,,do:cost-=4,"do:goodImpressionTurns+=4,do:score+=goodImpressionTurns",1,
368,挨拶の基本,,N,active,anomaly,1,FALSE,FALSE,default,,FALSE,,do:cost-=0,do:setStance(strength),,
369,挨拶の基本+,,N,active,anomaly,1,TRUE,FALSE,default,,FALSE,,do:cost-=0,"do:setStance(strength),do:genki+=4",,
370,はげしく,,N,active,anomaly,1,FALSE,FALSE,default,,FALSE,,do:cost-=7,"do:setStance(strength),do:score+=15",1,
371,はげしく+,,N,active,anomaly,1,TRUE,FALSE,default,,FALSE,,do:cost-=7,"do:setStance(strength),do:score+=25",1,
372,スパート,,N,active,anomaly,1,FALSE,FALSE,default,,FALSE,,do:cost-=5,"do:fullPowerCharge+=1;if:isPreservation,do:holdThisCard;if:isFullPower,do:score+=25",,
373,スパート+,,N,active,anomaly,1,TRUE,FALSE,default,,FALSE,,do:cost-=2,"do:fullPowerCharge+=1;if:isPreservation,do:holdThisCard;if:isFullPower,do:score+=25",,
374,メントレの基本,,N,mental,anomaly,1,FALSE,FALSE,default,,FALSE,,do:cost-=3,"do:genki+=2,do:fullPowerCharge+=2",,
375,メントレの基本+,,N,mental,anomaly,1,TRUE,FALSE,default,,FALSE,,do:cost-=3,"do:genki+=3,do:fullPowerCharge+=3",,
376,イメージの基本,,N,mental,anomaly,1,FALSE,FALSE,default,,FALSE,,do:cost-=2,"do:setStance(preservation),do:genki+=2",,
377,イメージの基本+,,N,mental,anomaly,1,TRUE,FALSE,default,,FALSE,,do:cost-=2,"do:setStance(preservation),do:genki+=6",,
378,エキサイト,,R,active,sense,56,FALSE,FALSE,produce,,FALSE,,do:cost-=4,"do:score+=6,do:perfectConditionTurns+=3",1,
379,エキサイト+,"69,65,14",R,active,sense,56,TRUE,FALSE,produce,,FALSE,,do:cost-=4,"do:score+=10,do:perfectConditionTurns+=4",1,
380,ジャストアピール,,R,active,anomaly,1,FALSE,FALSE,produce,,FALSE,,do:cost-=7,"do:score+=15,do:fullPowerCharge+=2",1,
381,ジャストアピール+,"65,73,77",R,active,anomaly,1,TRUE,FALSE,produce,,FALSE,,do:cost-=5,"do:score+=15,do:fullPowerCharge+=3",1,
382,スターライト,,R,active,anomaly,1,FALSE,FALSE,produce,,FALSE,,do:cost-=6,"do:setStance(strength),do:score+=9",,
383,スターライト+,"29,65,78",R,active,anomaly,1,TRUE,FALSE,produce,,FALSE,,do:cost-=6,"do:setStance(strength),do:score+=18",,
384,一歩,,R,active,anomaly,2,FALSE,FALSE,produce,,FALSE,,do:cost-=4,do:score+=15,1,
385,一歩+,"23,78,65",R,active,anomaly,2,TRUE,FALSE,produce,,FALSE,,do:cost-=4,do:score+=23,1,
386,ラッキー♪,,R,active,anomaly,9,FALSE,FALSE,produce,,FALSE,,do:cost-=3,"do:score+=8;if:isStrength,do:fullPowerCharge+=3",1,
387,ラッキー♪+,"65,77,73",R,active,anomaly,9,TRUE,FALSE,produce,,FALSE,,do:cost-=2,"do:score+=10;if:isStrength,do:fullPowerCharge+=4",1,
388,積み重ね,,R,active,anomaly,13,FALSE,FALSE,produce,,FALSE,,do:cost-=3,"do:fullPowerCharge+=2;if:isPreservation,do:holdThisCard;if:isFullPower,do:score+=20",,
389,積み重ね+,"4,76,29",R,active,anomaly,13,TRUE,FALSE,produce,,FALSE,,do:cost-=2,"do:fullPowerCharge+=2;if:isPreservation,do:holdThisCard;if:isFullPower,do:score+=35",,
390,精一杯,,R,active,anomaly,14,FALSE,FALSE,produce,,FALSE,,do:cost-=6,"do:setStance(strength),do:score+=6,do:score+=6",1,
391,精一杯+,"64,23,29",R,active,anomaly,14,TRUE,FALSE,produce,,FALSE,,do:cost-=4,"do:setStance(strength),do:score+=7,do:score+=7",1,
392,ハッピー♪,,R,mental,anomaly,1,FALSE,FALSE,produce,,FALSE,,do:cost-=3,"do:setStance(preservation),do:genki+=7",1,
393,ハッピー♪+,"29,75,77",R,mental,anomaly,1,TRUE,FALSE,produce,,FALSE,,do:cost-=2,"do:setStance(preservation),do:genki+=10",1,
394,嬉しい誤算,,R,mental,anomaly,4,FALSE,FALSE,produce,,FALSE,,do:cost-=3,"do:genki+=5,do:fullPowerCharge+=2;if:fullPowerCharge>=1,do:setStance(preservation)",1,
395,嬉しい誤算+,"75,73,43",R,mental,anomaly,4,TRUE,FALSE,produce,,FALSE,,do:cost-=3,"do:genki+=6,do:fullPowerCharge+=3;if:fullPowerCharge>=1,do:setStance(preservation)",1,
396,涙の思い出,,R,mental,anomaly,19,FALSE,FALSE,produce,,FALSE,,do:cost-=2,"do:setStance(preservation),do:genki+=2;if:isStrength,do:fullPowerCharge+=3",1,
397,涙の思い出+,"73,77,75",R,mental,anomaly,19,TRUE,FALSE,produce,,FALSE,,do:cost-=2,"do:setStance(preservation),do:genki+=4;if:isStrength,do:fullPowerCharge+=4",1,
398,きらきら紙吹雪,,SR,active,logic,57,FALSE,TRUE,produce,,FALSE,,do:motivation-=3,"do:score+=genki*1.1;at:startOfTurn,do:drawCard,limit:1",,
399,きらきら紙吹雪+,"34,50,20",SR,active,logic,57,TRUE,TRUE,produce,,FALSE,,do:motivation-=2,"do:score+=genki*1.1;at:startOfTurn,do:drawCard,do:drawCard,limit:1",,
400,せーのっ！,,SR,active,anomaly,1,FALSE,FALSE,produce,,FALSE,,do:cost-=5,"do:setStance(strength),do:score+=12",,
401,せーのっ！+,"40,48,62",SR,active,anomaly,1,TRUE,FALSE,produce,,FALSE,,do:cost-=5,"do:setStance(strength),do:score+=22",,
402,アッチェレランド,,SR,active,anomaly,1,FALSE,FALSE,produce,,FALSE,,do:cost-=5,"do:score+=10,do:fullPowerCharge+=3",,
403,アッチェレランド+,"61,29,48",SR,active,anomaly,1,TRUE,FALSE,produce,,FALSE,,do:cost-=4,"do:score+=12,do:fullPowerCharge+=4",,
404,はじけるパッション,,SR,active,anomaly,6,FALSE,FALSE,produce,,FALSE,if:stance!=none,do:cost-=2,"do:score+=8,do:score+=8",1,
405,はじけるパッション+,"42,47,62",SR,active,anomaly,6,TRUE,FALSE,produce,,FALSE,if:stance!=none,do:cost-=1,"do:score+=10,do:score+=10",1,
406,汗と成長,,SR,active,anomaly,7,FALSE,FALSE,produce,,FALSE,if:isFullPower,do:cost-=1,do:score+=37,1,
407,汗と成長+,"42,48,60",SR,active,anomaly,7,TRUE,FALSE,produce,,FALSE,if:isFullPower,do:cost-=1,do:score+=47,1,
408,オープニングアクト,,SR,active,anomaly,29,FALSE,FALSE,produce,,FALSE,,do:cost-=5,"do:setStance(strength),do:score+=10,do:fullPowerCharge+=2",1,
409,オープニングアクト+,"40,48,63",SR,active,anomaly,29,TRUE,FALSE,produce,,FALSE,,do:cost-=4,"do:setStance(strength),do:score+=14,do:fullPowerCharge+=3",1,
410,始まりの笑顔,,SR,active,anomaly,34,FALSE,TRUE,produce,,FALSE,,do:fullPowerCharge-=2,"do:setStance(strength),do:score+=6,do:halfCostTurns+=2;at:startOfTurn,do:drawCard,limit:1",,
411,始まりの笑顔+,"48,58,40",SR,active,anomaly,34,TRUE,TRUE,produce,,FALSE,,do:fullPowerCharge-=1,"do:setStance(strength),do:score+=8,do:halfCostTurns+=2;at:startOfTurn,do:drawCard,limit:1",,
412,理想のテンポ,,SR,active,anomaly,52,FALSE,FALSE,produce,,FALSE,,do:cost-=5,"do:score+=6,do:score+=6",1,"at:stanceChanged,target:this,do:g.score+=2"
413,理想のテンポ+,"29,47,28",SR,active,anomaly,52,TRUE,FALSE,produce,,FALSE,,do:cost-=5,"do:score+=6,do:score+=6",1,"at:stanceChanged,target:this,do:g.score+=4"
414,トレーニングの成果,,SR,active,anomaly,58,FALSE,FALSE,produce,,FALSE,,do:cost-=5,"do:fullPowerCharge+=3,do:score+=9;at:startOfTurn,do:setStance(preservation),limit:1",1,
415,トレーニングの成果+,"48,60,29",SR,active,anomaly,58,TRUE,FALSE,produce,,FALSE,,do:cost-=5,"do:fullPowerCharge+=4,do:score+=10;at:startOfTurn,do:setStance(preservation2),limit:1",1,
416,潜在能力,,SR,mental,anomaly,1,FALSE,FALSE,produce,,FALSE,,do:cost-=6,"do:genki+=10,do:fullPowerCharge+=3,do:holdSelectedFromHand",1,
417,潜在能力+,"59,37,61",SR,mental,anomaly,1,TRUE,FALSE,produce,,FALSE,,do:cost-=6,"do:genki+=15,do:fullPowerCharge+=4,do:holdSelectedFromHand",1,
418,カウントダウン,,SR,mental,anomaly,1,FALSE,FALSE,produce,,FALSE,,do:cost-=2,"do:setStance(preservation),do:genki+=8",1,
419,カウントダウン+,"59,61,41",SR,mental,anomaly,1,TRUE,FALSE,produce,,FALSE,,do:cost-=2,"do:setStance(preservation),do:genki+=13",1,
420,プライド,,SR,mental,anomaly,20,FALSE,FALSE,produce,,TRUE,,do:cost-=4,"do:setStance(preservation),do:genki+=5,do:fullPowerCharge+=2",1,
421,プライド+,"29,62,57",SR,mental,anomaly,20,TRUE,FALSE,produce,,TRUE,,do:cost-=4,"do:setStance(preservation),do:genki+=8,do:fullPowerCharge+=3",1,
422,忍耐力,,SR,mental,anomaly,28,FALSE,FALSE,produce,,FALSE,,do:cost-=2,"do:setStance(preservation),do:genki+=5,do:fullPowerCharge+=2",1,
423,忍耐力+,"61,59,29",SR,mental,anomaly,28,TRUE,FALSE,produce,,FALSE,,do:cost-=2,"do:setStance(preservation2),do:genki+=5,do:fullPowerCharge+=3",1,
424,切磋琢磨,,SR,mental,anomaly,32,FALSE,TRUE,produce,,FALSE,,do:cost-=1,"do:fullPowerCharge+=2,do:holdSelectedFromDeckOrDiscards,do:cardUsesRemaining+=1,do:lockStanceTurns+=1",,
425,切磋琢磨+,"44,45",SR,mental,anomaly,32,TRUE,TRUE,produce,,FALSE,,do:cost-=0,"do:fullPowerCharge+=3,do:holdSelectedFromDeckOrDiscards,do:cardUsesRemaining+=1,do:lockStanceTurns+=1",,
426,キセキの魔法,,SSR,active,logic,59,FALSE,TRUE,produce,,FALSE,,do:stamina-=5,do:score+=goodImpressionTurns*2.5,1,
427,キセキの魔法+,"6,30",SSR,active,logic,59,TRUE,TRUE,produce,,FALSE,,do:stamina-=5,do:score+=goodImpressionTurns*3.4,1,
428,翔び立て！,,SSR,active,anomaly,11,FALSE,TRUE,produce,,FALSE,,do:cost-=6,"do:fullPowerCharge+=3,do:score+=10+cumulativeFullPowerCharge",1,"at:stanceChanged,if:stance==fullPower,target:this,do:g.score+=20,limit:1"
429,翔び立て！+,"42,4",SSR,active,anomaly,11,TRUE,TRUE,produce,,FALSE,,do:cost-=5,"do:fullPowerCharge+=4,do:score+=10+cumulativeFullPowerCharge*1.5",1,"at:stanceChanged,if:stance==fullPower,target:this,do:g.score+=30,limit:1"
430,総合芸術,,SSR,active,anomaly,12,FALSE,TRUE,produce,,FALSE,if:stance!=none,do:cost-=7,"do:setStance(strength),do:score+=7",,"at:stanceChanged,target:this,do:g.score+=15,limit:4"
431,総合芸術+,"29,2",SSR,active,anomaly,12,TRUE,TRUE,produce,,FALSE,if:stance!=none,do:cost-=7,"do:setStance(strength),do:score+=10",,"at:stanceChanged,target:this,do:g.score+=20,limit:4"
432,心・技・体,,SSR,active,anomaly,30,FALSE,TRUE,produce,,FALSE,,do:cost-=8,"do:setStance(strength2),do:score+=7,do:fullPowerCharge+=3,do:halfCostTurns+=2",1,
433,心・技・体+,"2,29",SSR,active,anomaly,30,TRUE,TRUE,produce,,FALSE,,do:cost-=8,"do:setStance(strength2),do:score+=16,do:fullPowerCharge+=4,do:halfCostTurns+=4",1,
434,輝け！,,SSR,active,anomaly,41,FALSE,TRUE,produce,,FALSE,,do:cost-=7,"do:fullPowerCharge+=3;at:startOfTurn,do:setStance(preservation),limit:1;if:isFullPower,do:score+=20,do:score+=20",1,
435,輝け！+,"81,37",SSR,active,anomaly,41,TRUE,TRUE,produce,,FALSE,,do:cost-=7,"do:fullPowerCharge+=4;at:startOfTurn,do:setStance(preservation2),limit:1;if:isFullPower,do:score+=25,do:score+=25",1,
436,クライマックス,,SSR,active,anomaly,43,FALSE,TRUE,produce,,FALSE,,do:cost-=10,"do:setStance(strength),do:score+=14,do:score+=14;at:startOfTurn,do:setStance(preservation),limit:1",1,
437,クライマックス+,"1,29",SSR,active,anomaly,43,TRUE,TRUE,produce,,FALSE,,do:cost-=10,"do:setStance(strength2),do:score+=19,do:score+=19;at:startOfTurn,do:setStance(preservation2),limit:1",1,
438,全身全霊,,SSR,active,anomaly,50,FALSE,TRUE,produce,,FALSE,,do:cost-=8,"do:setStance(strength),do:nullifyCostCards+=2,do:cardUsesRemaining+=1,do:drawCard,do:drawCard,do:drawCard",1,
439,全身全霊+,"29,28",SSR,active,anomaly,50,TRUE,TRUE,produce,,FALSE,,do:cost-=8,"do:setStance(strength),do:nullifyCostCards+=2,do:cardUsesRemaining+=2,do:drawCard,do:drawCard,do:drawCard",1,
440,アイドルになります,,SSR,mental,anomaly,25,FALSE,TRUE,produce,,FALSE,,do:fullPowerCharge-=3,"do:cardUsesRemaining+=1;target:hand,do:g.scoreTimes+=1",1,
441,アイドルになります+,"35,26",SSR,mental,anomaly,25,TRUE,TRUE,produce,,FALSE,,do:fullPowerCharge-=3,"do:genki+=4,do:setStance(preservation),do:cardUsesRemaining+=1;target:hand,do:g.scoreTimes+=1",1,
442,頂点へ,,SSR,mental,anomaly,45,FALSE,TRUE,produce,,FALSE,,do:cost-=9,"at:startOfTurn,if:stance!=none,target:all,do:g.score+=4",1,
443,頂点へ+,"29,3",SSR,mental,anomaly,45,TRUE,TRUE,produce,,FALSE,,do:cost-=9,"target:all,do:g.score+=6;at:startOfTurn,if:stance!=none,target:all,do:g.score+=4",1,
444,覚悟,,SSR,mental,anomaly,54,FALSE,TRUE,produce,,FALSE,,do:stamina-=4,"do:genki+=8,do:fullPowerCharge+=5,do:holdSelectedFromDeckOrDiscards",1,
445,覚悟+,"44,30",SSR,mental,anomaly,54,TRUE,TRUE,produce,,FALSE,,do:stamina-=3,"do:genki+=8,do:fullPowerCharge+=7,do:holdSelectedFromDeckOrDiscards",1,
446,学園一のアイドル,,R,active,anomaly,1,FALSE,TRUE,pIdol,59,FALSE,,do:cost-=4,"do:setStance(strength),do:score+=2,do:score+=2",1,
447,学園一のアイドル+,,R,active,anomaly,1,TRUE,TRUE,pIdol,59,FALSE,,do:cost-=3,"do:setStance(strength),do:score+=4,do:score+=4",1,
448,王者の御出まし,,SR,mental,anomaly,1,FALSE,TRUE,pIdol,60,FALSE,,do:cost-=3,"do:fullPowerCharge+=4,do:halfCostTurns+=2",1,
449,王者の御出まし+,,SR,mental,anomaly,1,TRUE,TRUE,pIdol,60,FALSE,,do:cost-=3,"do:fullPowerCharge+=5,do:halfCostTurns+=3",1,
450,一番高い星,,SSR,active,anomaly,1,FALSE,TRUE,pIdol,61,FALSE,,do:cost-=6,"do:setStance(strength),do:score+=3,do:score+=3",1,"at:afterCardUsed,if:cardEffects&strength,target:this,do:g.score+=10,do:g.cost-=1,limit:2"
451,一番高い星+,,SSR,active,anomaly,1,TRUE,TRUE,pIdol,61,FALSE,,do:cost-=6,"do:setStance(strength),do:score+=6,do:score+=6",1,"at:afterCardUsed,if:cardEffects&strength,target:this,do:g.score+=15,do:g.cost-=1,limit:2"
452,紅葉ランニング,,SSR,mental,free,1,FALSE,TRUE,support,,FALSE,,do:cost-=1,"do:nullifyDebuff+=1,do:drawCard,do:cardUsesRemaining+=1",1,
453,紅葉ランニング+,"3,27",SSR,mental,free,1,TRUE,TRUE,support,,FALSE,,do:cost-=0,"do:nullifyDebuff+=1,do:drawCard,do:drawCard,do:cardUsesRemaining+=1",1,
454,雨宿りのバス停,,SSR,mental,anomaly,1,FALSE,TRUE,support,,FALSE,,do:cost-=5,"do:setStance(preservation),do:fullPowerCharge+=3;at:startOfTurn,do:upgradeHand,limit:1",1,
455,雨宿りのバス停+,"3,82",SSR,mental,anomaly,1,TRUE,TRUE,support,,FALSE,,do:cost-=5,"do:setStance(preservation2),do:fullPowerCharge+=4;at:startOfTurn,do:upgradeHand,limit:1",1,
456,旬の味わい,,SR,active,free,1,FALSE,TRUE,support,,FALSE,,do:cost-=5,"do:score+=4,do:score+=4;at:startOfTurn,do:upgradeHand,limit:1",1,
457,旬の味わい+,"47,29,27",SR,active,free,1,TRUE,TRUE,support,,FALSE,,do:cost-=4,"do:score+=6,do:score+=6;at:startOfTurn,do:upgradeHand,limit:1",1,
458,メリクリで～す♪,,SSR,mental,logic,1,FALSE,TRUE,pIdol,62,FALSE,,do:cost-=2,"do:goodImpressionTurns+=3;at:mentalCardUsed,do:motivation+=1",1,
459,メリクリで～す♪+,,SSR,mental,logic,1,TRUE,TRUE,pIdol,62,FALSE,,do:cost-=2,"do:goodImpressionTurns+=5;at:mentalCardUsed,do:motivation+=1",1,
460,おすそわけですっ！,,SSR,mental,sense,1,FALSE,TRUE,pIdol,63,FALSE,,do:cost-=7,"do:concentration+=1;at:startOfTurn,do:goodConditionTurns+=2",1,
461,おすそわけですっ！+,,SSR,mental,sense,1,TRUE,TRUE,pIdol,63,FALSE,,do:cost-=6,"do:concentration+=3;at:startOfTurn,do:goodConditionTurns+=2",1,
462,光の夜,,SSR,mental,sense,1,FALSE,TRUE,support,,FALSE,,do:cost-=0,"do:perfectConditionTurns+=2,do:fixedStamina+=2",1,
463,光の夜+,"15,14",SSR,mental,sense,1,TRUE,TRUE,support,,FALSE,,do:cost-=0,"do:perfectConditionTurns+=3,do:fixedStamina+=4",1,
464,愛をこめて,,SSR,active,logic,1,FALSE,TRUE,pIdol,64,FALSE,,do:cost-=6,"do:motivationMultiplier=1.8,do:genki+=4,do:score+=motivation*3",1,
465,愛をこめて+,,SSR,active,logic,1,TRUE,TRUE,pIdol,64,FALSE,,do:cost-=6,"do:motivationMultiplier=2,do:genki+=6,do:score+=motivation*4",1,
466,踏切の先に,,SSR,active,anomaly,1,FALSE,TRUE,pIdol,65,FALSE,if:isFullPower,do:cost-=3,"do:score+=10,do:score+=10,do:score+=10;at:startOfTurn,do:setStance(preservation2),limit:1",1,
467,踏切の先に+,,SSR,active,anomaly,1,TRUE,TRUE,pIdol,65,FALSE,if:isFullPower,do:cost-=3,"do:score+=16,do:score+=16,do:score+=16;at:startOfTurn,do:setStance(preservation2),limit:1",1,
468,これまでもこれからも,,SSR,active,sense,1,FALSE,TRUE,pIdol,66,FALSE,if:goodConditionTurns>=4,do:cost-=6,"do:goodConditionTurnsMultiplier=2.5,do:score+=40",1,
469,これまでもこれからも+,,SSR,active,sense,1,TRUE,TRUE,pIdol,66,FALSE,if:goodConditionTurns>=4,do:cost-=6,"do:goodConditionTurnsMultiplier=3,do:score+=55",1,
470,嫌いな自分にバイバイ,,SSR,active,sense,1,FALSE,TRUE,pIdol,67,FALSE,,do:cost-=4,"do:concentration+=5;at:endOfTurn,if:turnsRemaining==1,do:concentrationMultiplier=2.5,do:score+=15",1,
471,嫌いな自分にバイバイ+,,SSR,active,sense,1,TRUE,TRUE,pIdol,67,FALSE,,do:cost-=4,"do:concentration+=7;at:endOfTurn,if:turnsRemaining==1,do:concentrationMultiplier=2.5,do:score+=15",1,
472,自慢のお姉ちゃんだぞ,,SSR,active,logic,1,FALSE,TRUE,pIdol,68,FALSE,,do:cost-=7,"at:endOfTurn,if:turnsRemaining<=3,do:score+=goodImpressionTurns*1.4",1,
473,自慢のお姉ちゃんだぞ+,,SSR,active,logic,1,TRUE,TRUE,pIdol,68,FALSE,,do:cost-=7,"at:endOfTurn,if:turnsRemaining<=3,do:score+=goodImpressionTurns*1.8",1,
474,練習再開！,,SSR,mental,sense,1,FALSE,TRUE,support,,FALSE,,do:cost-=3,"do:goodConditionTurns+=1,do:exchangeHand,do:cardUsesRemaining+=1",1,
475,練習再開！+,"29,13",SSR,mental,sense,1,TRUE,TRUE,support,,FALSE,,do:cost-=3,"do:goodConditionTurns+=3,do:exchangeHand,do:cardUsesRemaining+=1",1,
476,手にした答え,,SSR,mental,anomaly,1,FALSE,TRUE,pIdol,69,FALSE,,do:cost-=7,"target:382,do:g.scoreTimes+=1;do:moveCardToHand(383,1),do:cardUsesRemaining+=1",1,
477,手にした答え+,,SSR,mental,anomaly,1,TRUE,TRUE,pIdol,69,FALSE,,do:cost-=6,"do:setStance(preservation2);target:382,do:g.scoreTimes+=1;do:moveCardToHand(383,1),do:cardUsesRemaining+=1",1,
478,夢はまだ続く,,SSR,active,sense,1,FALSE,TRUE,pIdol,70,FALSE,if:goodConditionTurns>=1,do:cost-=4,"do:score+=goodConditionTurns,do:goodConditionTurns+=1,do:cardUsesRemaining+=1",,
479,夢はまだ続く+,,SSR,active,sense,1,TRUE,TRUE,pIdol,70,FALSE,if:goodConditionTurns>=1,do:cost-=4,"do:score+=goodConditionTurns*1.5,do:goodConditionTurns+=3,do:cardUsesRemaining+=1",,
480,アイドルにしてくれた,,SSR,active,anomaly,1,FALSE,TRUE,pIdol,71,FALSE,if:fullPowerTimes>=1,do:cost-=3,do:score+=20,1,"at:stanceChanged,if:isFullPower,target:this,do:g.scoreTimes+=1,limit:4"
481,アイドルにしてくれた+,,SSR,active,anomaly,1,TRUE,TRUE,pIdol,71,FALSE,if:fullPowerTimes>=1,do:cost-=2,do:score+=25,1,"at:stanceChanged,if:isFullPower,target:this,do:g.scoreTimes+=1,limit:4"
482,広がり続ける世界,,SSR,active,logic,1,FALSE,TRUE,pIdol,72,FALSE,,do:stamina-=3,"do:motivation+=4;at:startOfTurn,do:genki+=5,limit:1;at:endOfTurn,if:turnsRemaining<=1,do:score+=genki*1.3",1,
483,広がり続ける世界+,,SSR,active,logic,1,TRUE,TRUE,pIdol,72,FALSE,,do:stamina-=3,"do:motivation+=6;at:startOfTurn,do:genki+=8,limit:1;at:endOfTurn,if:turnsRemaining<=1,do:score+=genki*1.3",1,
484,エウレカ！,,SSR,active,logic,1,FALSE,TRUE,pIdol,73,FALSE,,do:cost-=12,"do:cardUsesRemaining+=1;at:startOfTurn,if:stamina<=maxStamina*0.5,do:score+=genki*0.3,do:fixedStamina+=maxStamina*0.05",1,
485,エウレカ！+,,SSR,active,logic,1,TRUE,TRUE,pIdol,73,FALSE,,do:cost-=12,"do:cardUsesRemaining+=1;at:startOfTurn,if:stamina<=maxStamina*0.5,do:score+=genki*0.4,do:fixedStamina+=maxStamina*0.1",1,
486,新たなステージ,,SSR,mental,anomaly,1,FALSE,TRUE,pIdol,74,FALSE,,do:cost-=3,"do:holdSelectedFromDeckOrDiscards,do:fullPowerCharge+=1,do:cardUsesRemaining+=1",,
487,新たなステージ+,,SSR,mental,anomaly,1,TRUE,TRUE,pIdol,74,FALSE,,do:cost-=3,"do:holdSelectedFromDeckOrDiscards,do:fullPowerCharge+=2,do:cardUsesRemaining+=1;target:held,do:g.score+=5",,
488,いつか見た景色,,SSR,active,sense,1,FALSE,TRUE,pIdol,75,FALSE,if:concentration>=6,do:cost-=6,"do:concentration*=1.3;at:startOfTurn,do:concentrationMultiplier=1.5,do:score+=9,do:score+=9,do:score+=9,limit:1",1,
489,いつか見た景色+,,SSR,active,sense,1,TRUE,TRUE,pIdol,75,FALSE,if:concentration>=6,do:cost-=5,"do:concentration*=1.5;at:startOfTurn,do:concentrationMultiplier=1.5,do:score+=9,do:score+=9,do:score+=9,limit:1",1,
490,また、飛べる,,SSR,mental,logic,1,FALSE,TRUE,pIdol,76,FALSE,,do:cost-=4,"do:genki+=1,do:goodImpressionTurns+=3,do:cardUsesRemaining+=1",1,
491,また、飛べる+,,SSR,mental,logic,1,TRUE,TRUE,pIdol,76,FALSE,,do:cost-=4,"do:genki+=2,do:goodImpressionTurns+=5,do:cardUsesRemaining+=1",1,
492,がんばった、よ,,SSR,mental,anomaly,1,FALSE,TRUE,pIdol,77,FALSE,,do:cost-=5,"do:fullPowerCharge+=4,do:holdSelectedFromDeckOrDiscards;at:startOfTurn,if:isFullPower,target:all,do:g.score+=2",1,
493,がんばった、よ+,,SSR,mental,anomaly,1,TRUE,TRUE,pIdol,77,FALSE,,do:cost-=3,"do:fullPowerCharge+=5,do:holdSelectedFromDeckOrDiscards;at:startOfTurn,if:isFullPower,target:all,do:g.score+=2",1,
494,受け取ってくれる?,,SSR,mental,anomaly,1,FALSE,TRUE,pIdol,78,FALSE,,do:cost-=3,"do:setStance(preservation);at:afterCardUsed,if:cardEffects&strength,target:effect(strength),do:g.score+=2",1,
495,受け取ってくれる?+,,SSR,mental,anomaly,1,TRUE,TRUE,pIdol,78,FALSE,,do:cost-=3,"do:setStance(preservation);at:afterCardUsed,if:cardEffects&strength,target:effect(strength),do:g.score+=3",1,
496,バレンタイン大作戦！,,SSR,mental,anomaly,1,FALSE,TRUE,support,,FALSE,,do:stamina-=3,"do:genki+=4,do:setStance(preservation);at:startOfTurn,do:setStance(preservation),limit:2",1,
497,バレンタイン大作戦！+,"30,26",SSR,mental,anomaly,1,TRUE,TRUE,support,,FALSE,,do:stamina-=2,"do:genki+=8,do:setStance(preservation);at:startOfTurn,do:setStance(preservation),limit:2",1,
498,愛情レインボー,,SR,mental,anomaly,1,FALSE,TRUE,support,,FALSE,if:isPreservation,do:cost-=0,"do:fullPowerCharge+=2,do:fixedStamina+=2,do:holdSelectedFromDeck",1,
499,愛情レインボー+,"57,42,83",SR,mental,anomaly,1,TRUE,TRUE,support,,FALSE,if:isPreservation,do:cost-=0,"do:fullPowerCharge+=3,do:fixedStamina+=3,do:holdSelectedFromDeck",1,
500,あなたにあげる,,SSR,active,logic,1,FALSE,TRUE,pIdol,79,FALSE,,do:cost-=8,"at:endOfTurn,do:score+=genki*0.6,limit:4",1,
501,あなたにあげる+,,SSR,active,logic,1,TRUE,TRUE,pIdol,79,FALSE,,do:cost-=8,"at:endOfTurn,do:score+=genki*0.8,limit:4",1,
502,ディテールが肝心,,SR,active,logic,1,FALSE,TRUE,support,,FALSE,,do:stamina-=3,"do:genki+=4,do:score+=motivation*2.7",1,
503,ディテールが肝心+,"30,59,84",SR,active,logic,1,TRUE,TRUE,support,,FALSE,,do:stamina-=3,"do:genki+=7,do:score+=motivation*3.4",1,
504,おてつき注意!,,SSR,active,anomaly,1,FALSE,TRUE,pIdol,80,TRUE,,do:cost-=8,"at:startOfTurn,if:isNotStrength,do:setStance(strength),ttl:5",1,
505,おてつき注意!+,,SSR,active,anomaly,1,TRUE,TRUE,pIdol,80,TRUE,,do:cost-=8,"at:startOfTurn,if:isNotStrength,do:setStance(strength),ttl:5;do:cardUsesRemaining+=1",1,
506,ちいさなおひさま,,SSR,active,logic,1,FALSE,TRUE,pIdol,81,FALSE,,do:motivation-=1,"do:goodImpressionTurns+=3;at:startOfTurn,do:drawCard,limit:1;if:goodImpressionTurns>=10,do:score+=goodImpressionTurns*1.4",,
507,ちいさなおひさま+,,SSR,active,logic,1,TRUE,TRUE,pIdol,81,FALSE,,do:motivation-=1,"do:goodImpressionTurns+=3;at:startOfTurn,do:drawCard,limit:1;if:goodImpressionTurns>=10,do:score+=goodImpressionTurns*2.2",,
508,草笛ハーモニー,,SR,mental,logic,1,FALSE,TRUE,support,,FALSE,,do:cost-=0,"do:goodImpressionTurns+=2,do:fixedStamina+=1;if:goodImpressionTurns>=10,do:cardUsesRemaining+=1",1,
509,草笛ハーモニー+,"19,7",SR,mental,logic,1,TRUE,TRUE,support,,FALSE,,do:cost-=0,"do:goodImpressionTurns+=2,do:fixedStamina+=3;if:goodImpressionTurns>=10,do:cardUsesRemaining+=1",1,
510,頬張る3色,,SSR,active,anomaly,1,FALSE,TRUE,pIdol,82,FALSE,,do:cost-=7,"do:setStance(strength),do:fullPowerCharge+=5;target:effect(fullPowerCharge)*active,do:g.score+=2;at:startOfTurn,do:setStance(preservation),limit:1",1,
511,頬張る3色+,,SSR,active,anomaly,1,TRUE,TRUE,pIdol,82,FALSE,,do:cost-=5,"do:setStance(strength),do:fullPowerCharge+=5;target:effect(fullPowerCharge)*active,do:g.score+=4;at:startOfTurn,do:setStance(preservation),limit:1",1,
512,小さなお客さん,,SR,active,anomaly,1,FALSE,TRUE,support,,FALSE,,do:cost-=6,"at:startOfTurn,do:setStance(preservation),do:fullPowerCharge+=2,limit:1;if:isFullPower,do:score+=24",1,
513,小さなお客さん+,"29,48,83",SR,active,anomaly,1,TRUE,TRUE,support,,FALSE,,do:cost-=4,"at:startOfTurn,do:setStance(preservation),do:fullPowerCharge+=3,limit:1;if:isFullPower,do:score+=24",1,
514,きらきらプリズム,,SSR,active,anomaly,1,FALSE,TRUE,pIdol,83,FALSE,if:isPreservation,do:cost-=6,"do:setStance(strength2);at:mentalCardUsed,if:stance==strength2,target:effect(strength),do:g.score+=7",1,
515,きらきらプリズム+,,SSR,active,anomaly,1,TRUE,TRUE,pIdol,83,FALSE,if:isPreservation,do:cost-=4,"do:setStance(strength2);at:mentalCardUsed,if:stance==strength2,target:effect(strength),do:g.score+=8",1,
516,デイドリーミング,,R,active,logic,62,FALSE,TRUE,produce,,FALSE,if:genki>=30,do:stamina-=3,"do:genki+=3;at:startOfTurn,do:score+=genki*0.6,limit:3",1,
517,デイドリーミング+,"30,85,86",R,active,logic,62,TRUE,TRUE,produce,,FALSE,if:genki>=30,do:stamina-=3,"do:genki+=6;at:startOfTurn,do:score+=genki*0.6,limit:4",1,
518,タフネス,,SR,mental,anomaly,63,FALSE,TRUE,produce,,FALSE,if:preservationTimes>=2,do:cost-=5,"do:setStance(preservation),do:cardUsesRemaining+=1;target:active,do:g.score+=14,do:g.cost-=1",1,
519,タフネス+,"41,87",SR,mental,anomaly,63,TRUE,TRUE,produce,,FALSE,if:preservationTimes>=2,do:cost-=4,"do:setStance(preservation),do:cardUsesRemaining+=1;target:active,do:g.score+=18,do:g.cost-=1",1,
520,夢色リップ,,SSR,mental,logic,64,FALSE,TRUE,produce,,FALSE,,do:cost-=4,"do:genki+=2,do:motivation+=4,do:setScoreBuff(0.1);if:goodImpressionTurns>=15;at:startOfTurn,do:goodImpressionTurns*=1.1,limit:3",1,
521,夢色リップ+,"88,27",SSR,mental,logic,64,TRUE,TRUE,produce,,FALSE,,do:cost-=4,"do:genki+=2,do:motivation+=5,do:setScoreBuff(0.2);if:goodImpressionTurns>=15;at:startOfTurn,do:goodImpressionTurns*=1.1,limit:4",1,
522,放課後おしゃべり,,SSR,active,anomaly,1,FALSE,TRUE,pIdol,84,FALSE,,do:cost-=7,"do:fullPowerCharge+=2;at:startOfTurn,do:score+=8+cumulativeFullPowerCharge*3,limit:1",1,
523,放課後おしゃべり+,,SSR,active,anomaly,1,TRUE,TRUE,pIdol,84,FALSE,,do:cost-=6,"do:fullPowerCharge+=5;at:startOfTurn,do:score+=8+cumulativeFullPowerCharge*3,limit:1",1,
524,ヒーローとの出会い,,SSR,mental,sense,1,FALSE,TRUE,pIdol,85,FALSE,,do:cost-=6,"do:goodConditionTurns+=4,do:concentration+=1;if:goodConditionTurns>=4,if:goodConditionTurns<12;at:startOfTurn,do:cardUsesRemaining+=1,limit:1;if:goodConditionTurns>=12;at:startOfTurn,do:cardUsesRemaining+=1,limit:2",1,
525,ヒーローとの出会い+,,SSR,mental,sense,1,TRUE,TRUE,pIdol,85,FALSE,,do:cost-=4,"do:goodConditionTurns+=4,do:concentration+=2;if:goodConditionTurns>=4,if:goodConditionTurns<12;at:startOfTurn,do:cardUsesRemaining+=1,limit:1;if:goodConditionTurns>=12;at:startOfTurn,do:cardUsesRemaining+=1,limit:2",1,
526,あの日、この場所で,,SSR,mental,anomaly,1,FALSE,TRUE,pIdol,86,FALSE,,do:stamina-=6,"do:fullPowerCharge+=10,do:holdSelectedFromDeckOrDiscards",1,
527,あの日、この場所で+,,SSR,mental,anomaly,1,TRUE,TRUE,pIdol,86,FALSE,,do:stamina-=4,"do:fullPowerCharge+=10,do:holdSelectedFromDeckOrDiscards,do:holdSelectedFromDeckOrDiscards",1,
528,対戦お願いします！,,SSR,mental,anomaly,1,FALSE,TRUE,support,,FALSE,,do:cost-=2,"do:holdSelectedFromDeckOrDiscards,do:drawCard,do:cardUsesRemaining+=1",1,
529,対戦お願いします！+,"23,89",SSR,mental,anomaly,1,TRUE,TRUE,support,,FALSE,,do:cost-=0,"do:holdSelectedFromDeckOrDiscards,do:drawCard,do:cardUsesRemaining+=1",1,
530,勝負はこれから！,,SSR,active,free,1,FALSE,TRUE,support,,FALSE,,do:cost-=4,"do:score+=2,do:genki+=2,do:halfCostTurns+=3;at:startOfTurn,do:drawCard,limit:1",1,
531,勝負はこれから！+,"2,26",SSR,active,free,1,TRUE,TRUE,support,,FALSE,,do:cost-=3,"do:score+=5,do:genki+=5,do:halfCostTurns+=3;at:startOfTurn,do:drawCard,limit:1",1,
532,湧き上がる気持ち,,SSR,mental,logic,1,FALSE,TRUE,pIdol,87,FALSE,,do:cost-=6,"do:setGoodImpressionTurnsBuff(1,3)",1,
533,湧き上がる気持ち+,,SSR,mental,logic,1,TRUE,TRUE,pIdol,87,FALSE,,do:cost-=3,"do:setGoodImpressionTurnsBuff(1,3)",1,
534,わたしらしい色,,SSR,mental,logic,1,FALSE,TRUE,pIdol,88,FALSE,,do:cost-=2,"do:motivation*=1.5,do:removeDebuffs(1);at:startOfTurn,do:genki+=4,limit:1",1,
535,わたしらしい色+,,SSR,mental,logic,1,TRUE,TRUE,pIdol,88,FALSE,,do:cost-=2,"do:motivation*=1.5,do:removeDebuffs(2);at:startOfTurn,do:genki+=8,limit:1",1,
536,希望が届くまで,,SSR,mental,sense,1,FALSE,TRUE,pIdol,89,FALSE,,do:cost-=8,"at:cardRemoved,do:goodConditionTurns+=2",1,
537,希望が届くまで+,,SSR,mental,sense,1,TRUE,TRUE,pIdol,89,FALSE,,do:cost-=5,"at:cardRemoved,do:goodConditionTurns+=2",1,
538,あたらしい光,,SSR,mental,anomaly,1,FALSE,TRUE,pIdol,90,FALSE,,do:cost-=4,"do:setStance(preservation2),do:enthusiasmBonus+=5",1,
539,あたらしい光+,,SSR,mental,anomaly,1,TRUE,TRUE,pIdol,90,FALSE,,do:cost-=4,"do:setStance(preservation2),do:enthusiasmBonus+=8",1,
540,のんびり屋さん,,R,mental,anomaly,1,FALSE,TRUE,pIdol,91,FALSE,,do:cost-=5,"do:fullPowerCharge+=1;at:startOfTurn,if:isPreservation,do:setStance(leisure)",1,
541,のんびり屋さん+,,R,mental,anomaly,1,TRUE,TRUE,pIdol,91,FALSE,,do:cost-=5,"do:fullPowerCharge+=3;at:startOfTurn,if:isPreservation,do:setStance(leisure)",1,
542,休み休み、前へ,,SR,mental,anomaly,1,FALSE,TRUE,pIdol,92,TRUE,,do:cost-=6,"do:setStance(preservation);at:startOfTurn,if:isPreservation,do:setStance(leisure)",1,
543,休み休み、前へ+,,SR,mental,anomaly,1,TRUE,TRUE,pIdol,92,TRUE,,do:cost-=3,"do:setStance(preservation);at:startOfTurn,if:isPreservation,do:setStance(leisure)",1,
544,屋上からの景色,,SSR,mental,anomaly,1,FALSE,TRUE,pIdol,93,TRUE,,do:cost-=7,"do:fullPowerCharge+=2;target:effect(fullPowerCharge),do:g.score+=4;at:startOfTurn,if:isPreservation,do:setStance(leisure)",1,
545,屋上からの景色+,,SSR,mental,anomaly,1,TRUE,TRUE,pIdol,93,TRUE,,do:cost-=7,"do:fullPowerCharge+=3;target:effect(fullPowerCharge),do:g.score+=9;at:startOfTurn,if:isPreservation,do:setStance(leisure)",1,
546,セッティング,,R,mental,anomaly,47,FALSE,TRUE,produce,,FALSE,if:fullPowerCharge>=5,do:cost-=3,"do:fullPowerCharge+=5;at:startOfTurn,target:hand,do:g.score+=8,limit:1",1,
547,セッティング+,"73,43,28",R,mental,anomaly,47,TRUE,TRUE,produce,,FALSE,if:fullPowerCharge>=5,do:cost-=0,"do:fullPowerCharge+=5;at:startOfTurn,target:hand,do:g.score+=8,limit:1",1,
548,第一印象,,SR,active,anomaly,18,FALSE,TRUE,produce,,FALSE,,do:cost-=5,"do:setStance(strength);at:cardUsed,if:cardEffects&strength,target:all,do:g.score+=2",1,
549,第一印象+,"40,60,36",SR,active,anomaly,18,TRUE,TRUE,produce,,FALSE,,do:cost-=5,"do:setStance(strength);at:cardUsed,if:cardEffects&strength,target:all,do:g.score+=3",1,
550,トレンドリーダー,,SR,active,anomaly,36,FALSE,TRUE,produce,,FALSE,,do:fullPowerCharge-=2,"do:holdThisCard;if:stance!=fullPower,do:cardUsesRemaining+=1;if:isFullPower,do:score+=3+cumulativeFullPowerCharge*0.5,do:score+=3+cumulativeFullPowerCharge*0.5",,"at:afterCardUsed,if:usedCardBaseId==550,if:isFullPower,target:this,do:g.score+=5,do:g.typedCost-=1,limit:4"
551,トレンドリーダー+,"35,28",SR,active,anomaly,36,TRUE,TRUE,produce,,FALSE,,do:fullPowerCharge-=2,"do:holdThisCard;if:stance!=fullPower,do:cardUsesRemaining+=1;if:isFullPower,do:score+=10+cumulativeFullPowerCharge,do:score+=10+cumulativeFullPowerCharge",,"at:afterCardUsed,if:usedCardBaseId==550,if:isFullPower,target:this,do:g.score+=5,do:g.typedCost-=1,limit:4"
552,モチベ,,SR,mental,anomaly,17,FALSE,TRUE,produce,,FALSE,,do:cost-=4,"do:fullPowerCharge+=2;at:cardUsed,if:cardEffects&fullPowerCharge,do:fullPowerCharge+=1",1,
553,モチベ+,"57,43,36",SR,mental,anomaly,17,TRUE,TRUE,produce,,FALSE,,do:cost-=2,"do:fullPowerCharge+=2;at:cardUsed,if:cardEffects&fullPowerCharge,do:fullPowerCharge+=1",1,
554,盛り上げ上手,,SR,mental,anomaly,22,FALSE,TRUE,produce,,FALSE,,do:cost-=4,"target:active,do:g.score+=13,do:g.cost-=1;at:startOfTurn,do:drawCard,limit:1",1,
555,盛り上げ上手+,"93,42,43",SR,mental,anomaly,22,TRUE,TRUE,produce,,FALSE,,do:cost-=4,"target:active,do:g.score+=16,do:g.cost-=1;at:startOfTurn,do:drawCard,do:drawCard,limit:1",1,
556,インフルエンサー,,SR,mental,anomaly,24,FALSE,TRUE,produce,,FALSE,,do:cost-=6,"target:mental,do:g.genki+=5,do:g.cost-=1;do:cardUsesRemaining+=1,do:drawCard",1,
557,インフルエンサー+,"93,42",SR,mental,anomaly,24,TRUE,TRUE,produce,,FALSE,,do:cost-=5,"target:mental,do:g.genki+=6,do:g.cost-=1;do:cardUsesRemaining+=1,do:drawCard",1,
558,一心不乱,,SSR,mental,anomaly,38,FALSE,TRUE,produce,,FALSE,if:isStrength,do:cost-=3,"do:setStance(preservation);target:effect(strength),do:g.score+=37,do:g.cost-=7",1,
559,一心不乱+,"41,28",SSR,mental,anomaly,38,TRUE,TRUE,produce,,FALSE,if:isStrength,do:cost-=3,"do:setStance(preservation);target:effect(strength),do:g.score+=45,do:g.cost-=7",1,
560,次こそは、必ず,,SSR,mental,anomaly,1,FALSE,TRUE,pIdol,94,TRUE,,do:stamina-=6,"do:setStance(preservation);target:mental,do:g.genki+=8",1,
561,次こそは、必ず+,,SSR,mental,anomaly,1,TRUE,TRUE,pIdol,94,TRUE,,do:stamina-=6,"do:setStance(preservation);target:mental,do:g.genki+=11",1,
562,どんな世界でも,,SSR,active,sense,1,FALSE,TRUE,pIdol,95,FALSE,,do:cost-=4,"do:concentrationMultiplier=2,do:score+=7,do:cardUsesRemaining+=1",1,
563,どんな世界でも+,,SSR,active,sense,1,TRUE,TRUE,pIdol,95,FALSE,,do:cost-=4,"do:concentrationMultiplier=2,do:score+=17,do:cardUsesRemaining+=1",1,
564,戦う理由,,SSR,mental,logic,1,FALSE,TRUE,pIdol,96,FALSE,,do:cost-=1,"do:genki+=2,do:goodImpressionTurns+=3,do:goodImpressionTurns*=1.1",,
565,戦う理由+,,SSR,mental,logic,1,TRUE,TRUE,pIdol,96,FALSE,,do:cost-=1,"do:genki+=3,do:goodImpressionTurns+=4,do:goodImpressionTurns*=1.1",,
566,もうためらわない,,SSR,active,sense,1,FALSE,TRUE,pIdol,97,FALSE,,do:stamina-=6,"at:concentrationIncreased,if:concentrationDelta>=7,do:concentrationMultiplier=1.5,do:score+=12",1,
567,もうためらわない+,,SSR,active,sense,1,TRUE,TRUE,pIdol,97,FALSE,,do:stamina-=3,"at:concentrationIncreased,if:concentrationDelta>=7,do:concentrationMultiplier=1.5,do:score+=12",1,
568,憧れのアイドル,,SSR,active,logic,1,FALSE,TRUE,pIdol,98,FALSE,,do:stamina-=2,"do:motivation+=2;at:startOfTurn,do:genki+=3,limit:1;at:genkiIncreased,if:genkiDelta>=30,do:score+=genki*0.2",1,
569,憧れのアイドル+,,SSR,active,logic,1,TRUE,TRUE,pIdol,98,FALSE,,do:stamina-=2,"do:motivation+=3;at:startOfTurn,do:genki+=3,limit:1;at:genkiIncreased,if:genkiDelta>=30,do:score+=genki*0.3",1,
570,初めての野望,,R,active,logic,1,FALSE,TRUE,pIdol,99,FALSE,,do:cost-=6,"at:endOfTurn,do:score+=genki*0.5,limit:2",1,
571,初めての野望+,,R,active,logic,1,TRUE,TRUE,pIdol,99,FALSE,,do:cost-=6,"at:endOfTurn,do:score+=genki*0.5,limit:3",1,
572,初めての息,,R,mental,logic,1,FALSE,TRUE,pIdol,100,FALSE,,do:cost-=2,"do:genki+=5,do:motivation+=2",1,
573,初めての息+,,R,mental,logic,1,TRUE,TRUE,pIdol,100,FALSE,,do:cost-=2,"do:genki+=7,do:motivation+=3",1,
574,初めての神降臨,,R,mental,sense,1,FALSE,TRUE,pIdol,101,FALSE,,do:cost-=2,"do:concentration+=2,do:goodConditionTurns+=2",1,
575,初めての神降臨+,,R,mental,sense,1,TRUE,TRUE,pIdol,101,FALSE,,do:cost-=1,"do:concentration+=2,do:goodConditionTurns+=3",1,
576,日が差す方へ,,SSR,mental,anomaly,1,FALSE,TRUE,pIdol,102,FALSE,if:isStrength,do:stamina-=1,"do:setStance(preservation),do:genki+=5,do:enthusiasmBonus+=8;target:mental,do:g.cost-=1",,
577,日が差す方へ+,,SSR,mental,anomaly,1,TRUE,TRUE,pIdol,102,FALSE,if:isStrength,do:stamina-=1,"do:setStance(preservation),do:genki+=8,do:enthusiasmBonus+=10;target:mental,do:g.cost-=1",,